campo1,campo2,campo3,clase
-0.32258412673424863,-5.017810888619223,12.646980639835853,A
-0.6815613392211539,-4.617289406438303,6.259038363030754,A
-0.9939713773110993,-5.4323884912895215,11.894010545317947,A
-0.6132259026334472,-5.36256128461206,13.534367177529035,A
-0.7375328702706925,-5.080065432024215,9.564240421697043,A
-0.3889308510456823,-4.836032141189467,10.892386769954115,A
-0.19384926958479676,-4.930663608910917,12.14931062469092,A
-0.051863066048862205,-4.47170260079117,9.034436101520086,A
-0.5541348286474369,-4.9594403939865135,10.720607672694115,A
-0.7953863628080878,-4.620221467200272,5.287783295775874,A
-0.09415374698940365,-4.685325014312668,11.130098185676758,A
-0.9162741841169741,-5.1766218117857985,9.437620018663658,A
-0.050438815150396776,-5.101812118819256,15.605529847931422,A
-0.7251048358816058,-4.373237640275837,3.3868399554944233,A
-0.5642550313881578,-5.043713544886489,11.427388941145033,A
-0.4489139531104339,-4.497879627533242,7.033370842966157,A
-0.18930778861566505,-5.044417219624514,14.296428770009967,A
-0.19331019235983138,-5.016839471136719,13.070965726538311,A
-0.19435947290639372,-4.847092059566128,11.428116328378294,A
0.03490493653682647,-4.516274890928697,10.555503959849489,A
-0.34029906667421644,-4.224124310928065,4.529758204848527,A
-0.2609031731279825,-4.461074845001415,8.427722856273832,A
-0.3436449427492025,-4.195223475713569,4.236864311619378,A
-0.5109719417533409,-5.005142649461167,10.360282524397334,A
-0.5158448155869619,-4.207609428969903,3.0862202006606125,A
-0.5466965136253923,-4.860332164216384,9.808330463754658,A
-0.2033528053687681,-4.360035325317067,7.2597596767738395,A
-0.2902274473230215,-4.904936648000796,12.30423858427227,A
-0.06485324766390088,-3.9578144777630597,4.258328597084557,A
-0.07112253049602091,-4.483681299286862,9.748602449749548,A
-0.4705596988032509,-4.109462221538358,3.3013102282396005,A
-0.1257834667989844,-4.565449020094093,9.029089254192257,A
-0.7152654118876421,-4.107164311979821,1.6165855781372294,A
0.008574981598176878,-3.8868533031503105,5.41898069867306,A
-0.509844633196793,-4.130361560557419,2.692883492373383,A
-0.023205025824783065,-4.633079888187248,10.837711380063574,A
-0.2817757821158364,-4.735290148998104,10.125877590582057,A
-0.3152464826174402,-4.319326655116663,6.207345721198628,A
-0.1776976550726177,-4.586751077103178,10.059068764316365,A
-0.2760819578012878,-4.6038442789305005,8.62087457740752,A
-0.13501384123160032,-4.561586665078527,9.530956430428965,A
-0.20352243365832495,-4.127385680235899,4.664515469397372,A
-0.46965535738562236,-4.5287527570632085,6.391761281674455,A
-0.753515980748297,-3.9204895000754028,-0.5227766407649774,A
-0.7711639985082299,-3.716788869412166,-2.124055943476705,A
-0.4219179296590254,-3.735254273324899,0.298916963846942,A
-0.5547730231340405,-4.407990373787481,4.447180262358209,A
-0.6157306117154909,-4.234393143700193,2.662585513823629,A
-0.6873287635838133,-4.109958494005436,1.325618290980625,A
-0.25452820622118955,-3.814669174362477,2.910299675549979,A
-0.7677161791878978,-3.8447695795742427,-0.7569875253036997,A
-0.781590325597917,-4.144723059969278,1.3702093841806438,A
-0.5386760651419942,-4.380198873263425,4.357294174208143,A
-0.68695310241375,-4.424808782278332,4.448687940852217,A
0.1071620551702564,-4.171280104132707,8.095211534006253,A
-0.5461658687069934,-3.888237389812041,1.0212243410879758,A
-0.3687395005485075,-3.4489881708962207,-1.423296902526907,A
-0.18709666380957846,-4.111467819994253,4.616333319473057,A
-0.6566700969316892,-3.931718510764802,0.5888628376459302,A
-0.16077113234217566,-3.792144369820402,2.8542200189478066,A
-0.49184100931501973,-4.165493611849685,3.918130513493722,A
-0.5897809053890859,-3.521761979645622,-1.4096309948794499,A
-0.44664512071538,-3.2939931282277417,-2.169401429729106,A
-0.22211660659116395,-4.111450134834053,4.44609494928406,A
-0.6231839499528962,-3.8642791879269125,-0.26329623597690954,A
0.05228940481797417,-3.371633042735162,1.191889571546664,A
-0.6909338878451526,-3.3006997024457783,-4.425673688754355,A
0.011880573190153454,-3.9232325851975935,4.913062680608846,A
-0.6559233201184627,-3.6914928059628327,-1.7840682611446859,A
-0.05794787824496633,-3.467058528055469,1.9578132328545017,A
-0.1312590334923539,-3.258576954888699,-0.7494018254671246,A
-0.1839428555582327,-3.660151964657669,1.2848412481415572,A
0.016091048361592475,-3.5633719485652735,2.708623637468662,A
-0.6746428336690038,-3.388831452525019,-3.4866170068040176,A
-0.5739421619440794,-3.553894359780649,-2.51042858001113,A
-0.522927954914616,-3.8900699686714657,1.8176767234153495,A
-0.2369906859029982,-3.2602473168468187,-1.3924647363226867,A
-0.6213091628721863,-3.115712362835553,-4.839962852229647,A
-0.3440492015374562,-3.5610773644061373,0.5619542082790936,A
-0.1456731704785028,-3.5405602229529984,1.0339047967710684,A
-0.6247972224636753,-3.4528775265818163,-3.44562658027321,A
-0.03362144671536882,-3.7872393867041527,3.3768084579879485,A
-0.567702674064185,-3.1117358373026303,-5.069324753702048,A
-0.2067712940961477,-3.7833554405902925,2.11036649407356,A
-0.016291431715707516,-3.521142383500168,2.6158869540295626,A
-0.07804286390834092,-3.519148778653903,2.087757653066596,A
-0.6546196717477619,-3.0348929539252363,-6.072471888095134,A
0.18520847609653524,-3.709384069719361,4.957905808493855,A
0.2432161292459601,-2.818191047001113,-0.6819199239565599,A
-0.27270401256672216,-3.4102119472659393,-0.0971767839429667,A
-0.33236633373613605,-3.0472375027603023,-4.0760289357854695,A
-0.32698936923104405,-3.146928054360511,-3.407104820703939,A
-0.40949363566291647,-3.393133721111014,-1.7179877817035454,A
0.10538471881741063,-3.6269866691491117,4.262289085875295,A
-0.5575210854520609,-3.2338386251123863,-3.589323354206517,A
0.15792973131118793,-3.580067666574672,3.4120418240494104,A
-0.08698840188743978,-3.217615120033807,0.0978576015744217,A
-0.5746968347412835,-3.302302989664515,-2.8824774989333584,A
-0.37661294147696184,-3.2166834028490334,-2.746093161713457,A
-0.5408132636762912,-2.8501658352352788,-6.3044528797925885,A
-0.4987521833629462,-3.275478183033468,-2.887193419372018,A
-0.3121347921653544,-3.0895326570473376,-3.366087780758999,A
-0.63226309985518,-3.4168659612676264,-3.729795149007419,A
0.06045028677268233,-2.7113019064447252,-1.5674870242721148,A
-0.11095448919574225,-2.763171878200164,-2.9650548639509893,A
-0.3970108942508139,-3.383230712496195,-1.6640002235182365,A
-0.46784903907014697,-2.4441499046996324,-7.798924804601285,A
0.18541376117794656,-2.7879597997169565,-0.9526817526792151,A
-0.4121066930224969,-2.9012246327562274,-4.398163505900886,A
-0.5529482690308696,-2.973534756106241,-5.247136113948038,A
-0.3390343539134275,-3.035425405511214,-3.920647034521714,A
-0.5640691109358746,-2.5757815845588254,-8.248051522805024,A
0.2321438633546158,-3.1566491254910707,1.3861601881180974,A
-0.33471960605336376,-2.894942120086132,-4.0677413187846945,A
0.27828947367007295,-2.588201927891424,-1.693053246373541,A
0.2488667896277033,-2.5855077224963336,-0.6908085401612745,A
-0.5933558640768694,-2.396890263242685,-8.085146161909055,A
-0.3537316018709052,-2.5465539515732765,-6.813113724854482,A
0.14630343240735566,-2.890732964289144,0.034078886083243276,A
0.34671858167837644,-2.4486760570698514,-1.2148223031754242,A
0.353384774676988,-2.9262405119979094,1.1057028567300513,A
-0.33864050798648704,-2.374897773152389,-7.494439236424196,A
-0.621652495829655,-2.548444096324804,-7.96668274472912,A
-0.43964294775147095,-2.7370272204123762,-6.3325320926669235,A
-0.35259857264965483,-2.803181728476588,-4.884576078864029,A
-0.014886344301444088,-2.9077230732628054,-2.2589321477224615,A
-0.6127054465933,-2.3741325999791285,-8.622652122944562,A
0.057201067654120696,-2.833993765545462,-1.6877903764073778,A
-0.4838829094792498,-2.3341042868131785,-8.486511535171704,A
-0.15016101862128617,-2.8235652414132897,-3.710799881195946,A
-0.037361515546825264,-1.9939371803350143,-7.200348505691913,A
0.3461028149054439,-2.292262525538459,-1.74482220679538,A
-0.3147825041715944,-2.3860666695765556,-6.1586762903582155,A
-0.12879618890766942,-2.673805113660363,-3.479444528584608,A
0.30127618786906546,-2.7977689343659256,0.02088375425643818,A
-0.08075680775687055,-2.7036504075625256,-4.023689926580609,A
-0.36277060366280817,-2.1717992751205646,-8.050264778865358,A
0.17657788676863606,-2.6534958338549197,-1.7363931551473755,A
-0.5731681108614098,-2.0695354983004424,-9.671413009783688,A
0.40081604629549666,-1.9007109654036543,-2.583593352472036,A
-0.4371672252969582,-2.151498053317257,-8.137156913276879,A
-0.18375595466936795,-2.448561611298971,-5.522556891772876,A
-0.06461584432290302,-1.7523857341759368,-7.771735043528206,A
-0.13267015847643665,-1.994187007857175,-6.926948564751598,A
0.22522733968616782,-1.7050291815030418,-4.955082556442115,A
-0.07349051099003817,-2.325071820235332,-5.72937687104757,A
0.3331265248346328,-2.1995207808745745,-2.281231712451497,A
-0.1609484421027519,-1.9183900670956766,-7.792200388642275,A
-0.43499983589811153,-1.8948116122665843,-9.386743768424111,A
0.26108148207671317,-1.7909485079903447,-4.5228898816056144,A
0.34886686688347235,-2.3418218376094178,-1.8511059789636661,A
-0.337973832651182,-1.8778133239959713,-8.53844391658858,A
0.10278112321446675,-2.2732449135241315,-4.281040153740573,A
-0.14898679710941215,-2.3507322240396658,-5.422990782318632,A
-0.09987892948789845,-2.378252785859578,-5.268862360126228,A
-0.45811542711315706,-2.3058736904033297,-8.29327135504893,A
0.13533916163069065,-1.5468745060260733,-6.369808222556433,A
-0.10428990050325482,-1.6273921871887214,-7.576406396386005,A
0.25555792543245964,-1.4620550809414106,-6.642447632971091,A
-0.33515593556392487,-1.686943487146308,-10.075366042995597,A
-0.3319313196199633,-1.8522453173068754,-8.672423539607049,A
-0.16599737854941632,-1.4972588615070677,-8.465444260337886,A
-0.22832077884792407,-2.2187528167924793,-6.403081954020546,A
-0.18804756877389828,-2.148230920567912,-6.443358968843732,A
-0.2485818215272662,-1.55997754202735,-9.827981003133601,A
-0.17033780274855825,-1.8287589274975944,-7.9576439486579815,A
-0.2919142698318194,-2.130234114515768,-8.078087999293782,A
0.1498754691924482,-1.4491622563008395,-6.737177238503616,A
0.433515075677257,-1.9390110192312897,-2.4072874976278094,A
0.4457601057002254,-1.464418187292224,-4.694516901903839,A
0.012665247132544022,-1.6749711241248184,-7.217275128743562,A
-0.009853213189800036,-1.5108223096777547,-7.2342583549219235,A
0.17627225193859752,-1.0709420145801554,-7.370799128140362,A
-0.2566431231144012,-1.6500052122426756,-8.955516323141147,A
-0.25557127011828407,-1.3814010737054723,-9.995590146477031,A
0.43571645864568875,-1.0009882345240768,-5.919379143516181,A
0.15414416726230817,-1.7628059911064922,-5.717727224884978,A
0.39835559207244153,-1.809335659939027,-2.8222852720507134,A
0.09847501250628665,-0.984413484986031,-7.825023817416792,A
0.09840667395214997,-1.6680629560569291,-6.303295627211394,A
0.29221827643980214,-1.1063093765292455,-6.645771422501415,A
0.21493477693849372,-0.9461504864500953,-7.969315865240457,A
0.12046618703108081,-0.9692471419439966,-8.185326849637189,A
0.24395140347849276,-1.43468967566213,-6.481906512927072,A
-0.1738799997966688,-1.3180128149284238,-9.446654855400002,A
-0.08616655629639114,-1.598197233093913,-8.121726724176536,A
0.36078258382487227,-1.255693310974613,-5.976021909586528,A
-0.17543139452952128,-1.19605243016514,-10.684651327422646,A
0.3817968527567114,-1.261963049856828,-5.19195805557905,A
0.042379029906460475,-1.2128744993467127,-7.732313663699198,A
-0.2652617556885165,-1.3343915457212758,-10.325318040176466,A
0.4749875502209995,-0.9151516275009135,-5.905502526346858,A
-0.3861195443160742,-1.4244493298224083,-11.697832100417056,A
0.3080231993477447,-1.5109753524479004,-4.634805001790728,A
0.14986196353618408,-0.8186182065021476,-7.722888067420477,A
-0.3464344094419177,-0.6456452278057808,-12.979490701107213,A
-0.0019237554041848792,-1.5322212088461749,-7.92486730101318,A
-0.234497996339873,-0.6749807806616697,-12.254381660363453,A
-0.34068348231510726,-1.2697061313100262,-10.83761322083954,A
0.00364898880456499,-0.7671000631629951,-8.96342742752211,A
0.3237824348889011,-1.237533569766428,-6.317997035951251,A
0.4549089613944347,-0.7907203707389425,-4.967216011542142,A
0.04011650041482673,-1.2534178773182039,-8.317859355432102,A
-0.21554810773931998,-1.1777583520712809,-10.642904605010944,A
0.11445459763482313,-0.519530514126372,-8.705105903617252,A
-0.06503744154104962,-1.1060068822700369,-10.096614143945477,A
0.018776887749691662,-0.39422088869152305,-10.421043883998284,A
-0.20530607837122916,-0.7724367305694934,-11.639923255682625,A
-0.37177320208702525,-0.8720957928597216,-12.697950123151074,A
-0.15504163227536005,-0.9368088334935182,-10.328108993759976,A
0.4808878006413062,-0.9846028203339932,-4.79332205262768,A
0.08905430217848875,-0.9910713231467405,-8.52631027748295,A
-0.10088672126901732,-0.4800079650811433,-10.01542116280974,A
-0.1316621411869291,-0.28536476525597243,-11.189956697616989,A
0.5859990252123667,-0.8489435377927007,-4.030106875950839,A
0.3450892399311536,-0.19452536732948333,-7.464234096436776,A
0.5992819053757199,-0.5094166890338502,-4.720567024410322,A
-0.2800370610645603,-0.8141637370509681,-11.096165157463133,A
0.11231947437912704,-0.3991857087483687,-8.724074634856684,A
0.1100987379661984,-0.4545083920460742,-9.373152626163805,A
-0.2263866817985617,-0.7812523718618227,-11.334042395673364,A
-0.03588509806181217,-0.9604041450692258,-9.221262512030009,A
-0.07484932996260152,-0.7803460131197338,-9.877147083235062,A
-0.32147806303471116,-0.5775496239079173,-11.893677567463001,A
-0.1727852797444186,-0.13296960960447102,-11.965854473059828,A
-0.19310703892804437,-0.6057218286987889,-10.993855334273192,A
0.11092138450044631,-0.7806748283475391,-8.944313915195064,A
0.2803955475552601,-0.4552962127109229,-7.921758582373467,A
-0.05282429197862504,-0.17703778275153648,-10.816620377275378,A
-0.17369153370317314,-0.4605952374032771,-11.889273830240192,A
0.40641335376315946,-0.6150537637399364,-7.076391132285998,A
0.24578902882143383,-0.2237335321029872,-8.548953553103011,A
-0.2143968504362176,0.008476479797794645,-11.90884257869385,A
0.42150404556677046,0.08625206407539365,-7.201276637173727,A
0.04378082770024394,-0.629480776986442,-9.15811050480588,A
0.2100683185717085,-0.7112277802378981,-8.5671424747438,A
-0.29032924085679335,-0.344081322913635,-12.08686343649994,A
-0.2264190261405663,-0.42162113993966777,-12.32715921776705,A
0.1830424694021886,-0.5393552822516927,-8.155703765940277,A
0.47588700779345927,0.2681227849912108,-6.128254537170221,A
-0.02796219195762195,-0.5007215789154386,-10.772014510537833,A
0.29263802835795094,-0.3030454744628367,-7.342098017302906,A
0.7142255965654856,-0.054900359839712976,-3.537351186746143,A
-0.06299255765851086,-0.26320301805192037,-10.507841203813499,A
0.40484393099812954,0.09097015218565652,-7.402288640569992,A
0.04735145773444349,0.2579183405355755,-9.905476359192736,A
-0.21025561420380623,0.3124128051740074,-11.007998440083163,A
-0.17122703724044608,-0.39739557132975845,-11.764821737929296,A
0.6776660947035812,0.4652443853667054,-3.413155901078426,A
-0.11636511067698752,-0.4859802144843923,-10.802512824010861,A
0.7373163415532458,-0.2521715237470792,-3.6181142549351435,A
0.7262952218134183,0.32430743159290376,-4.431190473179278,A
0.4068340505876864,0.13744442164796367,-6.694158796843343,A
0.10402365072876907,0.09257562475680148,-9.315069029804814,A
0.6955706783579213,-0.4097103713407768,-4.0903664671413225,A
-0.20162059112694075,0.20570802751765216,-11.440139741199442,A
0.119939717063547,0.6235206274924151,-9.301897288551313,A
-0.1949822979910314,-0.27246356467326915,-11.44936595388516,A
0.7024626541610965,0.07577060831019677,-3.7815053721306953,A
0.5948960823222366,0.6411853780539996,-3.923064340078845,A
0.19903934652232913,0.07050185490898908,-8.507391034547151,A
0.01587845166183488,0.49712077437637614,-9.170139408271751,A
-0.142601736009479,-0.17707994615452294,-10.789622395127868,A
0.1002963916667915,0.5963846410942921,-8.882327152447424,A
0.07763584307351079,0.4420895892540758,-9.639230060162433,A
0.2555097743900113,0.14180850776977216,-7.999944517109498,A
-0.02092157601115674,0.4404239134790646,-10.5345942552315,A
0.6635591668406331,0.29151717652076936,-4.986852339371133,A
-0.0029689673907163927,0.43994170485822615,-10.583864297491246,A
0.6731001682185568,0.5660035472834111,-4.542012234348082,A
0.7836033280987917,0.7312315933618198,-2.576067278125741,A
0.6670053463703222,-0.03537619470708964,-5.034488640681566,A
-0.032502357491522416,0.7578067929495004,-9.77960488382747,A
0.13939432037221922,0.7743357062799969,-9.002871398044537,A
0.6641874580519149,0.24567711127294534,-4.033300551392681,A
0.7236328535901558,0.4706866661770218,-3.154681356886364,A
0.5989765920958687,0.3800523416866103,-4.678131309103925,A
0.1493471840224876,0.32291556978366176,-8.79233992997385,A
0.39887858939757626,0.42173502465422674,-6.939453158006884,A
0.13853326491974938,0.8943984160051717,-8.400167399388806,A
0.3991505565280956,0.14304872693803805,-6.792786847494124,A
0.6631009704932266,0.657968868822012,-3.5965404152412432,A
0.5072453097552121,0.3000687914173642,-6.391715552399184,A
0.09754085275162228,0.7242259723706352,-8.989770572818578,A
0.6317853266714513,0.5952487037320754,-5.063828173879429,A
0.35223751407411263,0.5876660460782358,-7.074672791666014,A
0.7156771861932233,0.5236075801560234,-3.1985411126912418,A
0.30985374560326184,1.1722759573683499,-6.121711020892334,A
0.5048199722663617,0.8079594183943714,-4.749547607537597,A
-0.0060308884262731954,1.0464678645621182,-9.120704746210237,A
0.4092355420510969,0.3864050149631857,-6.412997281633444,A
0.7319768142258176,0.3358970535337439,-3.4174243800093222,A
0.4158525985966197,0.821261751168826,-6.039390912554566,A
0.7939746299127233,1.0883607851855932,-1.87233762126559,A
-0.02273919328506213,1.3349890084296794,-8.037313682184692,A
0.7287773162395096,0.7462676559879169,-3.4615300294623133,A
0.18272183692516442,1.4018017410632733,-6.124446887711628,A
0.5471591978461546,0.8604443503765989,-4.054172032971962,A
0.6249386452128124,0.6041304370682374,-4.90719771043819,A
0.37734163035572,0.934231401682766,-5.38190893608844,A
0.05114424425949238,0.6300619455546643,-9.36120078166088,A
0.3110140331081237,1.4620916603508207,-5.345634803554521,A
0.6182261998534927,0.8860054405565858,-4.304752840220303,A
0.2330307861391454,1.2900693416525335,-5.919710052442198,A
0.4210026609494564,1.4772162589089786,-3.7749286825004056,A
0.22657140037507462,1.5187425218501325,-6.444137890726893,A
0.6007951907618827,1.3431475248271894,-3.6056501362563402,A
0.33446842754161354,1.369389840272555,-4.828047316982293,A
0.6853795891370317,1.0530170851423164,-2.854883447127179,A
0.916348774484729,1.4506329702583756,-0.3374274506782058,A
0.8664167326306685,0.7650511272419236,-2.5960453174236235,A
0.17079973489769773,0.7884823521354598,-8.059250922984702,A
0.347952204912479,1.2555282153918377,-5.881085368999205,A
0.21797441177326504,1.3086185180344685,-6.901031261685592,A
0.8211773759862518,1.6410291814406799,-0.6829924462024728,A
0.049020898333597684,1.0277616324477274,-8.333383293774649,A
0.7454295304336283,1.5779916607874518,-1.7719253324487632,A
0.8168108906429373,1.6437632332722432,0.04028641142356193,A
0.8039074217207518,1.1200094406660503,-1.1700339567943807,A
0.16241840944329866,1.1775335787386703,-7.2316649572803975,A
0.1239315272353404,1.273505526761186,-7.0265490024182675,A
0.8150323185881152,1.8563795548382136,-0.23069625507654834,A
0.519933019523975,1.456358520469874,-3.4574462054143638,A
0.7072816280306058,1.7841380581391824,-0.32620055735690556,A
0.6256429310694416,1.3759383152056754,-2.316454024244237,A
0.5663455198359467,1.955118993905243,-0.9391687993697175,A
0.901849633881793,1.4149498486804524,-0.24567197724638135,A
0.39089463616840847,1.3845254545460115,-4.443592049572661,A
0.14670982900882523,1.4093962612428008,-6.451515788802766,A
0.25017334491040233,1.4254541973101225,-6.575079792452787,A
0.4607951372796958,2.037492317820569,-1.4256094220856177,A
0.8584810435626093,1.9581773696195204,1.8295567353962383,A
0.604452209585039,1.17623598246478,-3.222367371052542,A
0.9230596894492038,2.092976394350733,2.1981326501807814,A
0.15268482976197062,1.921989515063515,-4.647942382175987,A
0.9033031470000018,1.3220272015700156,-0.6012100557517961,A
0.5829890025992693,1.5683848574488737,-2.182524669769034,A
0.16733411445772817,2.2113019787375365,-4.4759773992472915,A
0.5845186105004728,2.002992333030633,-0.47952123522917844,A
0.5321210762741412,1.4744104134705958,-2.896354066292794,A
0.5362110922275741,2.1352784121339403,-0.8186971357996811,A
0.9259236933241239,1.8003750551549733,0.8599405632342432,A
0.7091029171641983,1.7122951003766422,-1.1633736563426247,A
0.9025435803132056,1.8518162233758328,0.8473435201044204,A
0.5789537915026076,1.739549589132157,-1.7852927824703215,A
0.472163986898972,1.4367255960099725,-3.6013058828442936,A
0.054606725805228185,2.0869155085223703,-5.458828187023109,A
0.4147422426965063,2.3434296757656705,-1.1248470736305194,A
0.13844804129998234,2.462604253964625,-2.5402408105060417,A
0.6362405402900716,2.441724381929106,0.6962270309633531,A
0.17313632104722732,2.3137170533992855,-2.870729896109392,A
0.4195778839463107,1.8279205868282538,-3.063998454401073,A
0.998825293439258,1.5996206728512488,1.8620759045638522,A
1.0159110911663245,2.2457413513665823,3.766322800131171,A
0.8946257670368888,1.9974942838445586,1.8379838172692118,A
0.8046678461017496,2.472983010117307,3.097247066049448,A
0.679688631551748,1.6857210923670727,-1.1733759490687383,A
0.09188912309974973,2.5696927792012607,-3.0795210791591074,A
0.3191422447835278,1.7767760946583326,-4.388433262966444,A
0.1791896667388233,2.5943764847386195,-2.244337247455526,A
0.9243617090165928,2.4717531469762664,4.103250176720046,A
0.6003679512656958,2.4206635300375314,1.2331990239483446,A
0.28188550703290927,2.105677329516687,-2.685727504232446,A
0.791909819781238,2.540313196313659,2.9490347528637386,A
0.5861848162586942,1.8595154522835273,-0.9206175075990046,A
0.5273097944207236,2.2703838970255314,-0.864519548531792,A
0.3315594739525911,2.361626653622705,-1.132258789183144,A
0.5449468534277694,2.171843134137,-0.19091738281149162,A
0.8923616728154311,2.343768903256208,4.005105548011642,A
0.41339869703581933,1.9887339143627758,-2.959451094657915,A
0.8935333269793199,2.5308748241099006,3.948722470196145,A
0.6929116818788755,2.2080795151120274,0.8012090179508249,A
0.28838130379760685,2.7206163259787752,0.08592774901168454,A
0.5360483356236613,2.107085946128056,-1.106216639916905,A
1.0408893771714913,2.7009518890471966,6.8518338691634995,A
0.9712788780993298,2.759476505197045,6.353397925117761,A
0.5100528778671657,2.900884054149522,2.20462702938741,A
0.5065282678196656,2.230543827332325,-1.3364939352502248,A
0.6676600921289234,3.0489150887176097,4.660571624809251,A
0.2341176691064828,2.5722812185997115,-1.4982995178359069,A
0.21292166261010514,2.9544792564850297,-0.3503574931192013,A
0.993196695865709,2.822282070085883,6.6049253869205415,A
0.4249835582312438,2.352515305375136,-1.5550984663676317,A
0.8454512513114968,2.707495819432622,5.347378294614941,A
0.4059302609668516,2.892434382316757,0.9046941698296322,A
0.5029353859054276,3.025882130422663,3.26481981493545,A
0.6687397328763082,2.708833511105878,2.802405670991071,A
0.5304606001211201,3.0325769243870018,2.979742215931168,A
0.7679553727525639,2.84818472652516,4.70510024064189,A
0.41849694958836026,2.9210246291838056,2.555704726262803,A
1.06177500218636,2.5041571339518547,6.090546346771909,A
0.8694667995654536,2.744244588460447,4.689770576778926,A
0.7758682978113418,3.1216590716714063,5.857474646138357,A
0.7126216697006308,2.4265817665009095,1.8741233603346927,A
0.3080791038094428,3.2548873644005294,3.7235563651341153,A
1.1842384234048993,2.494213119854286,7.3604638137257865,A
0.3972963323269154,3.365383845313945,4.5044213107791435,A
0.24446999028631233,2.8522458738315035,-0.42788773348828,A
0.41941031986950816,3.0807350949654917,3.512084742091787,A
0.9595067728834262,3.376401246501999,10.24480579607097,A
1.0742276865643414,3.2950130976489467,11.123065208128885,A
0.5351079542743541,3.0905776233657263,3.817073151297812,A
0.95335283212931,3.544067638762681,10.582241564141526,A
1.191047115585461,3.2151656312641474,10.761688649462172,A
0.5356304173558422,2.6649013513632793,1.5391527719947256,A
0.9258096143463349,3.018245381894894,6.995705725075837,A
0.2499959012202556,3.4007934574159187,2.788139281987732,A
0.2523438204033568,3.268670349100036,2.1159704185971506,A
0.5203898409918153,3.6614724959926885,7.573463632582865,A
0.7547747994165591,2.8590991202487595,3.906140990912661,A
0.8914957240174299,3.7084045246156636,11.974729121865735,A
1.0837050020084575,3.463800573172911,12.172247258388822,A
0.9871366683142768,2.9558175400117213,6.818117072968178,A
0.38097081298466107,3.1300211258891175,2.206478271505553,A
1.0873118480873964,3.4755193648627,11.939989000879933,A
0.7129562133793482,3.533864301742716,9.227834473247462,A
0.3400763952691128,3.3769309919530763,4.110193272590699,A
1.0327906389376533,3.244584513444682,9.979374415710808,A
0.3212984247399443,3.339214649328651,3.12187904789554,A
0.6136502884378437,3.3653198809728275,6.716556298386941,A
0.9538728358094034,3.095246403077959,8.134550564087085,A
0.3974376739319164,3.7441348267556513,7.593797018126715,A
0.9688664222436796,3.425805187650418,10.5307553272347,A
0.3326590201868306,3.1905656301601835,3.2915390833475584,A
1.1631908525628727,3.5011110387199635,12.132784574790605,A
0.4984854222716315,3.7324754258375847,7.902646336132541,A
0.5366135203847756,3.051052296258103,3.02673786672252,A
0.9192944773019172,3.7804027574648043,12.50998335382257,A
0.5730910068801899,3.434516235535842,7.135617208065845,A
0.6876177423161353,3.7339739046733857,9.03237443539279,A
0.48885082143451364,3.640215872630579,6.740305286838897,A
0.7774018176381903,3.836382387778264,11.043937863618702,A
1.19972683082324,3.7575607708326326,15.645277724097689,A
0.9966673191580678,3.7743351774681835,13.260381205977943,A
0.6364662550181955,3.8144996835510705,10.353393367784072,A
0.5607646068293115,3.7341636023928064,9.029622866381658,A
0.3223025083026423,3.745266656525022,5.9904471516501445,A
0.7850895815753776,3.508043758477869,9.417269582608938,A
0.42793926455017584,4.216811900703734,11.782841614341358,A
0.9731997246648154,4.219167611664213,16.81284500545204,A
0.7033131047349189,3.77582013916646,10.103488801277507,A
0.9734460371592798,3.5345222279381368,11.356259360621912,A
0.791229411807867,4.301159069566959,15.588110082594824,A
1.002994982204267,4.1213214164784215,15.508180435400945,A
0.46623684074925964,3.8260657405040064,9.158585253289303,A
0.7497396553441174,3.623895138384242,10.047540902274164,A
1.020329286791887,3.9836970535814746,15.57056974810974,A
0.4278790352934466,4.141986581344733,10.56815608847785,A
0.5088145785214738,4.389264444751582,13.511025670831266,A
0.765191157162148,4.1361169440368455,14.352799479191006,A
0.5579940671917788,3.8323335745615745,9.702750787897237,A
1.1290344440518467,3.5411823399827913,12.45863270773075,A
0.799115095618712,4.228557831629106,15.000926678649819,A
0.4856531469330114,3.8515275579540145,8.519296406927666,A
0.4164700313166376,3.7146713769759856,6.581227464424856,A
0.985705463023563,4.560772826671693,19.91767807948832,A
0.8740766180630315,3.7238750913302274,11.605264460817388,A
0.6660744890685603,3.8946458591580715,10.672054783549093,A
1.359329445969678,4.627174301649846,23.69432031761847,A
0.6639297759885215,3.7488130073000523,9.529596788512947,A
1.321733054318372,4.12702895098646,19.071177751922214,A
0.4985915345308525,4.025709916355366,10.39280194476759,A
1.3415277158707468,4.660431468090065,24.660620357228524,A
1.2579929858144787,4.205678381766063,19.685653861842113,A
0.47968876448592035,4.363833409879307,12.419173264628277,A
0.6531952168709666,3.9080570712101346,10.699430919501111,A
0.8484459349280147,4.757057460110702,19.565848441106866,A
1.1760106453658628,4.670847052940218,22.608851662857695,A
1.1937898842183499,4.507017035312583,21.142265863456288,A
0.5714454611095758,4.5547782070473675,15.248224216397425,A
0.9325922132082333,4.619448962506196,19.32216966014574,A
1.2339495648759387,4.207909781897791,18.983430414987268,A
0.5322915432985841,4.644070545249233,15.614065302428017,A
0.4860521186859378,4.506145076595477,13.894552969278102,A
0.6316663674234397,4.131432550558373,12.938884934186476,A
0.43801045508449565,4.1677737237337045,11.631367212351677,A
1.0145530943344134,4.2880639774822304,16.90272559626341,A
0.6768581277096352,4.69159934058918,17.16670686562903,A
1.0017632642948364,4.944864590885213,23.20483073300546,A
1.0575692529855474,4.929918789400116,23.381302397348627,A
0.5618594178950415,4.579429433202013,14.96841594298747,A
0.7420625607455364,4.987279259980762,20.745687462404696,A
0.9521666217100159,4.987887551987359,23.459104494424544,A
0.6109920112483024,5.17717193276993,22.097301038381985,A
1.2729974321714006,5.081525495564653,27.573078827920448,A
1.3390060518985958,4.229830428153349,20.40991791038183,A
1.1713631907090207,4.8773719595044644,24.73312344159151,A
0.721657678159067,5.216426209566465,22.834769775427645,A
0.537586252443047,4.655193613148759,16.030137955388774,A
1.4164897306237674,5.226307501615153,29.8210549517842,A
0.9184203854758879,4.839734751523871,20.864538906486565,A
0.980968047863017,5.296968888082522,26.649013068479547,A
0.5405622280466532,4.445621152387361,14.395230346946697,A
1.3219344135359181,5.3409519728189565,30.582364426272896,A
0.63570748603718,5.239859573608615,22.66090202292994,A
1.2928507409456516,4.48052646082599,22.19802373041142,A
1.4779794769701025,4.517752621562294,23.63609149445218,A
0.9309487650834347,4.766038468188336,20.23243348963988,A
0.5928981160214509,5.053706787618554,20.944425728219393,A
0.6314453971872395,4.630489587326604,16.589106546859348,A
-0.5427757525301142,2.5540729436461334,31.709334070423655,B
-0.18146690251328285,2.278026672428835,31.971641774402194,B
-0.45292633818811034,2.4792776350841788,28.961531202486128,B
-0.47299292060992143,2.645287561904608,29.128124712538785,B
-0.8656475037241499,2.1855524043366525,30.398577205634474,B
-0.7225928561405668,2.6448224570349153,28.075847329294934,B
-0.7772721347515774,2.340836532246037,28.733324746616468,B
-0.526288095393447,2.6797803714178006,31.57697863041283,B
-0.5950693016876484,2.8373874876884626,29.896291812550402,B
-0.11269097761065927,2.15096882765123,33.30599215616569,B
-0.4953559093343271,1.8136339886381432,29.367745819744357,B
-0.3777320585683479,2.310699322826572,28.809037211763382,B
-0.7792746455235631,2.1385805688181954,30.171767002397686,B
-0.048762511203222836,2.581639039469332,33.555818986396275,B
0.007157336647084234,1.8231563781228841,34.66759235141493,B
-0.6929287983908426,2.49315323952674,31.578886113716987,B
-0.9383134244629703,2.0679160019790395,29.193572696005187,B
-0.7541749909015738,2.570774407630182,27.778624830949685,B
-0.3200502108189886,1.8956635681094207,29.685388581897755,B
-0.5739777769878143,2.4853983980235173,29.354688719332582,B
-0.7031193814274344,1.906975870173845,32.45795765219434,B
-0.7401566133871369,2.478867974926291,29.437737963637467,B
-0.34046369321218045,2.0887098948609104,29.0461007829884,B
-0.8022731115643786,1.8747076023476454,30.90467582957439,B
-0.3701656061819297,2.1329610331547677,33.58177959724883,B
-0.8851760169419371,2.3082576516690487,28.459454098383652,B
-0.27216480956696965,2.15489794159498,29.53824332503266,B
-0.2212113965631095,1.5496575990647896,30.36381572354278,B
-0.8277920715050606,1.8355986749061692,27.81597238017028,B
-0.11208689988099818,2.0371557544335444,30.12086690406713,B
-0.517835183309343,2.387431981664709,31.821087660561584,B
0.09269213688845451,1.8170775183456689,33.82128679636955,B
0.05007495352331759,1.8741880364101728,30.901327805896706,B
-0.8998791001451372,1.3598255995131754,30.79713549963936,B
-0.8953463742295112,1.4987602108956457,29.256242072489837,B
0.06250106457822863,1.4924336564891374,33.88386920603701,B
-0.24094339916119967,1.5066626863172425,34.78377590709572,B
-0.7759255060341164,1.644372122220851,32.95484275392333,B
-0.07067410544837127,1.6610205127657602,31.061139684656933,B
0.025605920215852118,1.284328014961027,35.5134367256254,B
-0.11730232874437052,1.273749022614918,32.20253157731372,B
-0.848085251834412,1.8589597344569508,31.31221772215526,B
-0.2969890824895902,1.80579366059846,33.89847880776136,B
-0.04417222035545387,1.2702510483217417,34.13811357954701,B
-0.3964756612438878,1.2015847929821302,32.81192210104271,B
-0.2343693066498671,1.4283239106055268,34.506644936915656,B
0.004898887284101594,1.3515045662013945,31.357849432605327,B
-0.4773091946393083,2.058012458800878,31.995277971409582,B
-0.16091060934445356,1.13510119645741,35.05580630515691,B
-0.5959655619841445,1.4645280923189006,33.00780030457477,B
-0.0826946981121367,1.4988924204231657,35.72074921219674,B
-0.012920183954425735,1.5038019490002057,33.000172120545464,B
-0.5382526250177313,1.3034740612371483,31.328570134564604,B
-0.4528398277002468,1.3805733440972565,31.57357299753169,B
-0.8108744136503026,1.0509471801562156,32.40398159557299,B
-0.0971488752118932,0.9883119961500624,35.19756323835434,B
-0.2808937747511266,1.4633427650331985,33.773878808881285,B
0.1586650487912622,0.9886801858978034,34.18625736418563,B
-0.41186638527955083,1.3089462690414506,33.099694134245745,B
0.08022653906789734,1.4976028253512323,32.87330472938891,B
-0.22952456905100116,1.218721332487322,32.731218681205846,B
-0.10904203980074434,1.1103982614095327,32.00784263517961,B
0.01686355084064961,1.383929240898365,35.07079365271686,B
-0.2208854432386992,1.2225642757212807,31.40036789283767,B
-0.5032454913506639,1.2317980332808092,34.82812891368866,B
0.19135984228923997,1.3888994540602706,33.83096789923977,B
-0.704762461529701,1.3480799662911398,30.75370622159473,B
-0.3042523511124572,0.7247301482878354,31.735186625916448,B
-0.33574787250704397,0.7546524503157199,32.567704311008626,B
-0.4606824655811896,1.2946072727061488,30.59569172734316,B
0.06174091788377911,1.552645468480966,35.31334885285333,B
0.11474757338002656,0.9129600055297198,33.95224809423097,B
-0.594156693859777,0.9434369373422093,34.843402411356884,B
-0.2117113299190428,0.789167599448036,31.54482843454974,B
-0.5520191474544984,0.8904893326434626,35.000478619115576,B
-0.403143479980645,0.7439192436017334,31.50833322213885,B
-0.7286013552931506,0.706211251619072,32.968818758804744,B
-0.564629364417158,1.256852522444515,32.009067823649275,B
-0.6269872307921979,0.8396677506113917,29.837034441249923,B
-0.06750457910572483,0.46071238574941464,32.352020982829956,B
-0.1135114804045324,1.2123554145234214,35.27343214795688,B
-0.659743149969686,0.9397196733167696,31.224819033851794,B
0.08632100337010251,1.02046184920588,34.66716260594633,B
-0.24829705449699357,0.7180119065862804,35.384353766658975,B
0.16717892132576134,0.7486857423383215,36.30836136401732,B
-0.5267002685654144,0.43681432397586306,34.74115909188968,B
-0.6147414820181623,0.37406091803943875,31.34560419448663,B
0.032909786829530496,0.5764016364737059,32.53255995826479,B
-0.0046289185361294005,1.0452732758983272,32.19940759284734,B
-0.4679358648706349,0.22673012999790298,33.19223824499612,B
-0.41368194204316416,0.7399472782671128,33.03578936092619,B
-0.03296576618542335,0.2568874259997562,33.14208411719027,B
-0.6455818683446481,0.2686715850336565,32.64088095206053,B
-0.11181675759532717,1.005580603151202,33.64433667518978,B
-0.5562899901303981,1.0097848172770334,32.2058861257494,B
0.17756850462410567,0.7545657720399208,33.74107674999394,B
0.15466611527726798,0.3251928559820909,36.01752919059512,B
0.030600068976198824,0.8724714598375947,32.150922407013,B
-0.2118830879649622,0.24726481675629763,31.9431565696655,B
-0.33599737154268283,0.6640024918905771,32.226792642291514,B
-0.6417208856397836,0.49535256966386054,33.15959725926767,B
-0.6191906317546847,0.666485347751899,31.633545092458306,B
-0.4419459020838832,0.877987982502006,34.000816296624855,B
-0.1347847199879632,0.5542403789335508,36.4524132544227,B
-0.4065575880380603,0.6565552961429799,33.58183904187357,B
-0.26892975345736964,0.7890409766512816,35.94412467518698,B
0.09732220654077195,0.016533709353142356,37.38921997006817,B
-0.014862975158866754,0.0794873464404322,36.540825651673785,B
0.19981413252817637,0.6489457041377626,36.32624663450577,B
-0.07175748944293175,-0.017645827907478484,36.533736484383255,B
-0.08841463129864402,0.08330250558719277,33.75739723231878,B
-0.32433895750333336,-0.18817152442622298,32.24805812857087,B
-0.5992479170887839,0.4790626035542296,34.62790086338703,B
-0.09869131068733633,0.159721296948228,34.77683765818127,B
0.33157363069964085,0.6595198358935832,34.69486166474412,B
-0.3172381327572937,0.19527498338153748,33.50257497229267,B
-0.5357409154692754,0.4918967346132854,30.581897661015862,B
0.17320029314762958,-0.01752138355989663,33.20915975185894,B
0.03155610220015037,-0.13711011390166972,35.907425991737895,B
-0.49789439434730687,0.4942637754059467,31.272484870577166,B
-0.17313436200342153,0.4789571081053432,35.13628863260484,B
-0.14963966300849785,0.3607063251463254,35.734383231990115,B
-0.3625117056782539,-0.40981385346843124,33.21071693659347,B
-0.3886534190091644,0.285416016324187,31.450926217329435,B
-0.23447432497339576,0.3257099786986979,34.11368713265543,B
-0.6137380839040811,0.1278318451564111,33.409707656146196,B
0.22233029393576048,0.32089747434947746,35.603944103615774,B
0.01829024341389529,-0.30487480106438714,36.40915666148871,B
0.05976032476456167,0.1586065106656056,34.207139263754364,B
-0.12425594318386535,0.2747220677846065,34.63727728662623,B
-0.28328395170907555,-0.5485303983229701,32.36736938871668,B
0.1524531294770899,-0.07157882258711457,35.09579486668901,B
0.10092294273763264,-0.07086941367051747,34.92568480088308,B
-0.5937625838647586,0.21815684809682168,31.2530445728124,B
-0.4448365549259738,-0.04519307745900747,33.27701436464953,B
-0.4947642825628108,-0.4208684116171515,34.40864318589508,B
0.3532512889792207,-0.46457778684428286,35.93321128497881,B
-0.1319483248264295,-0.17402352578532554,35.05509472720001,B
0.04480270922555274,-0.14048112139394586,37.25990323504932,B
0.10476974081517981,-0.754690263267241,33.60612747437951,B
0.12511165748557262,-0.43179693329368085,32.81655432871654,B
-0.4842764051518326,-0.7304474594317145,35.19892537428562,B
-0.394568026107854,-0.019191087413558794,35.977934853376894,B
0.16092827238953705,-0.11013688962156554,33.002988639918605,B
-0.09638528428981041,0.10475749829476078,32.43101047828378,B
-0.0028716760840023503,-0.10047835547055772,32.869187720394514,B
0.02192580967884883,-0.5908854379412072,36.486676743601585,B
-0.35578173901700555,-0.14564739086972756,33.56230787860018,B
0.41304325042638423,-0.029536231293046278,37.77764453130079,B
0.25934946226901895,-0.7054256649081998,35.674599493015016,B
-0.4464244039712506,-0.7768421800984264,32.25072152153571,B
0.22408066014075317,-0.1638224830702546,35.75242233390004,B
-0.2744556078825101,-0.295363629544779,35.55414653136596,B
-0.02337207430470839,-0.8749235212164621,32.477548874982126,B
0.3993378470418829,-0.42220500422599416,34.09505582787056,B
0.05414619461810005,-1.0299825142613697,32.481208623115364,B
-0.16100902981678128,-0.7452725803290994,33.728160991238305,B
-0.2085457163983927,-1.1289333403617263,31.28917381477547,B
-0.3099179886322723,-0.44598574917708156,35.782263087166605,B
0.4607019460059735,-0.25323672214451376,35.68600237979098,B
-0.33566495546939806,-1.1012361719509003,34.18507418309441,B
0.1502554863951009,-0.45256417897783807,36.18873500988155,B
-0.3458407633311495,-1.132289498077173,30.855063190374803,B
0.27925132677098075,-0.4221628383758902,34.50627546282682,B
0.00694684711307364,-0.817737750477507,32.24979596434454,B
-0.40471637894866885,-1.0635869667569042,33.49488239093348,B
-0.22274631625821056,-0.7316409171688214,35.12600478487937,B
-0.03690380945896632,-0.39509441503833465,32.24520257350845,B
-0.028305817190063975,-1.055790001886694,35.152842371620245,B
0.21372098141781148,-0.4768830741190162,33.358834425867414,B
-0.10394329119638812,-0.9352721101944803,31.879105689328522,B
0.14431704641609755,-0.998260411523878,32.255363903947014,B
0.4431229823875771,-0.682088086093982,36.78561987326228,B
0.08247384996646712,-0.7544372244994957,33.14692740550349,B
-0.47597750895156654,-1.3135348545664662,30.240726815354414,B
0.10078896860977271,-0.6806333116160093,36.514554774160416,B
-0.34842695683014635,-1.461636188925962,32.83103440429948,B
-0.40506585930207595,-1.5125480756689678,34.39971578298131,B
-0.05412666684520007,-1.2532803097321539,33.131223353437754,B
0.3022030924775263,-1.4234169619179573,35.28878363722886,B
-0.38137537080630024,-1.5637866497740718,30.79394164607576,B
0.01951490832806435,-1.0443436140509834,32.41708624932356,B
0.019753360132362063,-1.4637817451337738,31.52536301410143,B
-0.3454169165297052,-1.0619689378621588,34.200622646714855,B
0.3668031314067832,-0.9259291547771924,33.858901165494224,B
-0.20420460234614812,-1.2555260087138935,31.538673741887123,B
0.53579671528079,-1.7172756490190049,32.76556356936763,B
0.3088420904820134,-0.9443907809834857,36.062548838397596,B
0.03911287575247713,-1.3477946898017823,32.81215206796209,B
-0.15477425139561873,-1.4873955175084974,33.431238132881845,B
-0.024930368211269704,-1.76810829787135,35.54198243989793,B
0.5112216919247483,-1.6839260084135645,36.30060038848528,B
-0.000536736107049629,-0.8653923081257902,36.38259923787214,B
0.27188525025953914,-1.6468316253228545,34.62761044217932,B
0.476212522298434,-1.366508963376536,33.033682277575956,B
-0.1536550630346868,-0.9326941155288946,34.934450275110905,B
-0.35925037505982815,-1.357811280820325,30.708472404845217,B
-0.2522054699034523,-1.1903216331775683,34.82995511743244,B
0.486902877662171,-0.9904256826056224,37.46897688237909,B
0.01878115002581815,-1.5358580433046145,34.12419557722136,B
0.3025557275449472,-1.957375331683453,32.623974769474444,B
0.2517489370690523,-1.8428776143726933,34.0356847751839,B
0.39532724923868323,-1.8765312118151463,32.15885317913092,B
0.23061714667838873,-1.6155448087495965,33.430055352789765,B
0.27440332160128733,-1.2130920883544551,33.49346717729063,B
0.24379962672308408,-1.9920155737376444,31.06555775124862,B
0.5200599487915485,-1.6158283111162033,36.782434002665745,B
0.06351304476320396,-1.83625541563582,34.06675801233504,B
0.27736203783557845,-1.788665062867975,33.907765469027375,B
-0.08881750410969202,-1.3689556346932064,31.562560830133513,B
-0.3375894131621583,-1.5135254403146683,30.574095393116806,B
0.04409599082913984,-1.8493163622270214,32.41824270088919,B
-0.16743624458218986,-1.897676383405468,34.60569603198104,B
-0.1406263084778172,-2.143605937849065,29.859082505871807,B
0.3111816378086454,-1.5448878188710566,34.02899798290584,B
-0.21381450906425703,-1.7665541866141514,34.99174572580123,B
0.15794681380345377,-1.8454025965812444,34.796418602603744,B
0.39624176860969484,-1.579773481454012,36.51968022091759,B
0.25636443279692955,-1.454617083990159,36.44971958018125,B
0.2666606836893055,-2.0850887052964038,30.9318610580709,B
0.38349024614181826,-2.3728411865513728,31.99926237387723,B
0.5916373499522273,-2.3018917205917973,35.56942737142393,B
0.6070690405828418,-1.4504449825756756,33.32890448224885,B
-0.28778294892763534,-1.8330627678685258,29.8559670102722,B
0.16496498248047897,-2.1439414797969203,34.77558781715443,B
0.31087886746411175,-1.8814602352791971,31.26264364300383,B
-0.07943805820276795,-1.9185940909606802,31.350511074597563,B
-0.20215076074326133,-1.8987194862472077,33.89149005578289,B
0.1282415225808966,-1.7033695577708285,32.744282076182515,B
-0.04602774406199428,-2.4130064663474946,33.50496883299705,B
0.6642840561701066,-2.079939760805236,32.36637833893584,B
0.2007754536904054,-1.808738490313349,34.98561279377868,B
0.15280038915997618,-2.1318062376913147,31.035692076221398,B
0.5981314402526808,-1.6920709644064518,32.49801978026003,B
0.5660882116336735,-1.8500956629648304,31.93200409912847,B
0.2868627030257369,-2.413522862548758,31.014397790161542,B
0.38722760398660006,-2.583255560783309,33.62458579715435,B
0.5755586505768694,-2.056198153599448,33.49390611430575,B
0.12488725276541923,-1.822125164093871,33.44284144130301,B
0.6461085554857984,-1.8981418938681696,31.923151033173664,B
-0.225029056309332,-2.51475916981985,30.272309999183303,B
-0.03254663956567594,-2.5665951010786228,31.168199409565265,B
0.267192566739366,-2.748254026921999,30.34836718351134,B
-0.11967788608619034,-2.391115775513256,29.03317343121765,B
0.46309602331155963,-2.5294691263910702,30.487861119477582,B
0.22554067321684446,-2.665612843627005,32.82516644822756,B
0.6741854342128555,-2.2474644899872023,35.50273035982725,B
0.6367516563730836,-2.071212950219463,36.44206320268236,B
0.030504464716744506,-2.0407883756886527,33.03582738402165,B
0.6394727552279094,-2.440336595480548,31.99681863525272,B
0.11538065642634143,-2.4883513298171547,31.528980943343363,B
0.46762176494457,-2.7389287245053833,30.272185747197117,B
0.501488004890583,-2.37361453010318,31.424771136702393,B
0.3281920003610447,-2.1968182162448526,32.04263287915778,B
0.5008001693188546,-3.031209616705939,31.02688035341512,B
-0.12718520493656216,-2.2780154271487505,30.50411045952925,B
0.33096459995920857,-3.015718009067692,29.081191388814677,B
0.10478626239087152,-2.8084496083330457,28.65517293229421,B
0.7751218021284836,-3.0609701752695107,33.5860059907195,B
0.4595360591927229,-2.970556683260481,30.229426059545116,B
0.07042053899989809,-3.1036125273072988,27.85919794617748,B
0.3604213518721804,-2.6580901539514485,30.71313815439192,B
0.7698312127891694,-2.910713806297367,34.13007175282658,B
0.03306686130774916,-2.850557274750834,33.09517492176973,B
0.2018964393930336,-2.6811265979088272,32.440050586663645,B
0.12337839589772259,-2.3906226956036165,31.88648865983149,B
0.14833943453294796,-2.4048305010440565,33.07435099899299,B
0.6494236159999063,-3.211374999307398,33.267153404825,B
-0.14042441712472598,-2.9586199083365705,30.333069049062317,B
0.21642005967965816,-3.338345712576201,29.108856967787077,B
0.5318906508694026,-2.972142989085355,32.43285225755084,B
-0.12812694411531966,-2.7288659464532636,31.986818106195955,B
0.2547176041500896,-3.054527243528395,30.18869471587802,B
0.6872913290277982,-3.456576585515629,29.509642801612458,B
0.22203208028900878,-3.325345715268018,29.330492658771632,B
-0.09879586365117898,-2.840576378641328,30.365159448842626,B
0.6506049686072914,-3.530240315445857,31.119840184537075,B
-0.15119217948386277,-3.2560419436872374,30.20044721686923,B
0.594600260522099,-2.778792291309731,29.763954468451587,B
0.04961406693781811,-2.8741235023786933,32.31756720716019,B
0.8206257358094989,-3.591000240182466,30.33761352580565,B
0.35712673450829346,-3.5779099484028114,27.89298131151822,B
0.5963185457458622,-3.3894591776040035,29.186503700443744,B
0.819100171276364,-3.39329871722267,31.194591178889468,B
0.5328835002711088,-3.026078683547007,29.837437878827892,B
-0.021375985853570922,-3.5822197366147024,27.10151639993481,B
0.15875378717137012,-3.549189221366599,27.035425644207475,B
0.2339039178116552,-3.6373907103351915,26.500271538625906,B
0.7069005131075817,-3.142981665153524,31.682281608322917,B
-0.13122044292212132,-3.2559434065721358,27.035749197433383,B
0.2520815934123757,-3.2994372148567397,27.499735850051145,B
-0.10626913692429263,-2.9859673494258474,30.05188941437267,B
0.6027148078748328,-3.654401408822406,29.546980669784094,B
0.38600768460017665,-3.3061770652541718,27.938297228968757,B
0.28565117503811377,-3.8759424909890945,26.428028887109058,B
0.47736976956322374,-3.018501778493005,31.203210015186997,B
0.5786048675616877,-3.5741791245706462,32.061355474389366,B
0.8722623765335776,-3.854818680622901,29.311272478934786,B
0.6795311844597939,-3.5158576842780334,28.80503544419365,B
0.49856757371928584,-3.6507442221188273,29.32013869898057,B
0.4577514480403658,-3.053559637759669,33.48242299863437,B
0.7223235210805367,-3.208676758969953,30.78390426027684,B
0.19715478719737078,-3.940605926810937,26.50389415241157,B
0.8898842688237295,-3.5692497155867824,31.15632300406553,B
0.9095899211410078,-3.932930188199713,28.534610847325308,B
0.3073119464947208,-4.0845995652978075,24.815454007610096,B
0.6462919730769271,-3.652241178013167,28.88932597762261,B
0.4603751206550679,-3.7086419284445338,28.060694757707093,B
0.7750134318650976,-4.040140073988114,30.42470148552399,B
0.4509647703071773,-3.844720777291671,29.752098677093386,B
0.1849199185124224,-3.970173928686337,25.96218131333245,B
0.5497496343002827,-3.3193887438619987,29.43156904985635,B
0.9048281742988115,-3.7512109229966453,30.775013196734943,B
0.4513756896232084,-3.5805031787916697,30.93303481333122,B
0.8340501403701353,-4.13155825129547,25.624980314225404,B
0.8309024459486787,-4.041154893035532,28.17623466588597,B
0.5107180139606216,-3.9526438876715484,27.567708157068992,B
0.8315247934386467,-4.215116366192433,26.710769268081748,B
0.6108648232795526,-3.7397787307948813,26.70737629911026,B
0.5204929900106583,-3.8154314150375153,30.995706643927644,B
0.11969630806940545,-3.8581062274198654,26.230231184373388,B
0.18689731774973795,-3.8000572585728154,29.99809750213428,B
0.4427381010292445,-4.007785936296925,28.264637541284532,B
0.06721241689454338,-3.8048706197207802,25.54945777041507,B
0.1270026822591659,-4.3021788462821835,25.7941190379168,B
0.1511827018668943,-4.231460379697282,27.95933707560898,B
0.04299807939256017,-4.20760529784458,26.78082115847176,B
0.15745520124587842,-4.4827929408266005,24.370779911910283,B
0.9429251834585115,-3.5962291921939133,30.526269015474664,B
0.6880290563563763,-4.0263973108151365,30.111124956170165,B
0.4003803834823323,-4.220356637562096,24.575220695969783,B
0.8369621966044302,-4.556149348534987,25.35454038655872,B
0.3711135839981591,-4.405689834838579,27.848436430708215,B
0.823433499362806,-3.883127212284869,28.783834986733062,B
0.9142326100474165,-3.871172087541918,27.115841658455587,B
0.28479092597422917,-4.494594457067096,23.84625092097883,B
0.1780819495544842,-4.253343294956407,26.00967414089395,B
0.5424073090157677,-4.729592319550571,24.615371068580167,B
0.37442678710918287,-4.057400164647678,29.386944670370347,B
0.5013338906317466,-4.160908819649922,29.22810823028283,B
0.46845660798377464,-4.378276048494541,26.11186398701453,B
0.46382539229748976,-3.915572076741329,26.932762627816857,B
0.7263098790565616,-3.9190118397427955,28.20519717197626,B
1.0009504154760336,-4.013991536887425,27.28040576100494,B
0.04905355429863156,-3.8988489419501526,26.922813453348894,B
0.2595489864520719,-4.713789623157326,24.43176071238731,B
0.5832400485729268,-4.328331730811863,28.640268525526086,B
0.3318438064005047,-4.7951522260828945,22.68978233434927,B
0.90435193954214,-4.798705072221665,27.14611534679706,B
0.30429151352713213,-4.397926924627009,24.813236076411464,B
0.6425995275783157,-4.025368289495443,25.970825348488496,B
0.17886860094692447,-4.46788842713011,24.138268775324605,B
0.1453428646024454,-4.077011333484769,26.088210180259654,B
0.3543768172645684,-5.067799799105531,22.3219026895738,B
0.9182367921208353,-4.201180343203767,27.72014720997104,B
0.4839312314456635,-4.1893684517362235,25.473044562528486,B
0.31919182553299663,-4.369728709905858,27.241338562667117,B
0.7757475727016739,-4.740764216787109,26.231983085020712,B
0.8689146451005031,-4.516881452898467,28.711649538472457,B
0.4763523842498445,-4.850223506414841,25.618159092440393,B
0.6340926922207537,-5.005105992204843,24.152794898750646,B
0.14743790865042128,-4.449441997568726,26.936753535192295,B
0.5578001933870322,-4.592431997465968,26.111560425789783,B
0.97841840884694,-4.443142643638228,26.397500787898405,B
0.1175400566210909,-4.638789895413419,26.303077482264897,B
0.10199324169539181,-4.893040277223031,22.931524107939428,B
0.31339853530745776,-4.772039110031078,24.916984296807257,B
1.0397207141447289,-4.5692951909760104,27.06209294656499,B
0.5705325535012112,-5.024181105074108,23.507227473118096,B
0.5392694426560752,-4.534746959939578,24.857556073704846,B
0.8619650915279133,-4.661896922797693,23.808636430621924,B
0.9894678089942126,-4.92184242543174,22.922918784720757,B
1.027834072666025,-4.923571853201888,25.0600358934777,B
0.3656420847326157,-4.855694725448405,24.283338467612527,B
0.3316374087235824,-4.995677371095574,21.06039508544491,B
0.24035518272250367,-4.858385098745716,23.70057226139081,B
1.0605526132601049,-4.983430017395449,26.901863787628137,B
1.1317077130349378,-5.267485037956235,24.628418424565133,B
0.6985059184048954,-4.939928522367629,26.5984665985511,B
1.0812527160357335,-4.691490211353926,28.08370335170793,B
0.7100623132930937,-4.912549572796735,25.109882134563705,B
0.9498036456908593,-5.092040748971963,22.079750565730468,B
0.441971306454332,-4.76559005911151,23.20911245415279,B
0.6489746712203108,-4.770167026883543,23.231629336287305,B
0.7754152937160885,-5.469029844626274,22.579327820463647,B
0.7863542373064132,-4.780230603235798,24.23206867074279,B
0.313067818800868,-4.948696345252252,23.25599639127039,B
0.9732671647936125,-5.640531703547076,22.56142989298174,B
1.0882199759059386,-5.030587051495716,22.381805817930342,B
1.058990364784284,-4.847453567828271,23.82930140842442,B
0.5963620009919736,-4.865766879118859,24.373660909659748,B
0.8555118010835374,-5.553199070545588,22.758521350013964,B
0.916281936929253,-4.9299673164464615,27.012987409405593,B
1.0279025106599757,-4.912180137333658,25.24561552586958,B
0.589988114232543,-5.26341198793315,23.637491266043035,B
0.2558314061622723,-5.673702929231473,18.796940081657358,B
0.6439726356237084,-5.91381941948581,20.706584824117186,B
0.49757380713367017,-5.280717728363037,20.18405846042867,B
0.6316375745502235,-5.263734240103556,22.92053127254649,B
0.3462369200925749,-5.413564493420706,19.190256774429752,B
0.4532334744127542,-5.9878483919181615,19.533333695075118,B
0.6867580422629104,-5.8367863915995075,17.047531413160563,B
0.9065926404496386,-5.332647580476365,23.84898488493449,B
1.1833087041497654,-5.112012898427834,21.892494521926622,B
0.8251770530654355,-5.425239063029385,20.863687506279057,B
1.088122113582325,-5.438425580082885,23.201082070110964,B
0.6185647597839077,-6.117873305210161,17.50068360991834,B
0.5912770445499977,-5.1853537771077525,23.9993207000821,B
1.0378403357251695,-5.392392225802962,24.557323828310615,B
0.36640223708622044,-5.703653658421398,18.7747616327095,B
0.7831602997605682,-5.569538113624985,21.143627832037502,B
0.8150378669677414,-5.788361214884667,18.326653316021968,B
1.0398135235154786,-5.544827036384188,19.50716574601931,B
0.30189900794579483,-6.2650318097556505,17.354423918259265,B
0.2815599913860759,-5.8086394018314635,19.453495644003763,B
0.9836603361330261,-5.816611055054754,20.103673612973914,B
1.1557977824453487,-6.0844638511437354,20.294725323755515,B
0.6112005497944125,-5.4781495470084165,23.10091755625268,B
0.6172474091938362,-5.417805012287066,19.083290766573434,B
1.0355586774655556,-5.977008552383159,21.12973263962558,B
1.131673621412727,-6.310281851297422,18.62503724228926,B
0.8532766642713591,-6.081538792874813,19.46030926379547,B
1.252586862123148,-5.647850403766901,19.104561843285914,B
0.3742964188941418,-5.788698878764399,18.26643402976614,B
0.2924130271391928,-5.710988941469155,17.47746719387994,B
0.9057874998367587,-6.095611357674111,16.99119072823647,B
1.1513591469200395,-6.286715815193653,17.24563115156903,B
0.9876782238759694,-6.392747095252031,13.96129301318619,B
1.0386210270809098,-5.9130193222321825,20.08424829747348,B
0.44387369272292576,-6.305188595036208,16.455916863540494,B
1.168612571520108,-6.419852896096266,15.221697553076911,B
0.7524240755369913,-5.8747835881745605,16.978454151861847,B
0.5733789107361037,-5.7246907967174945,18.033859396527344,B
0.6982034716944174,-5.946221441406292,19.92977843862655,B
0.49112137444049686,-6.064451886732245,18.756118995258895,B
1.2815033733456225,-5.978570605594252,18.63339820920338,B
1.2037845009832095,-6.232660002405496,18.380540325758645,B
0.8457991046095532,-6.163293900445366,19.070233336351407,B
1.282734877089001,-6.201771452676816,19.32115955450903,B
0.3961072262966403,-6.005179529106032,15.512130331870033,B
1.1413117262477084,-6.130335146457904,18.522604797232187,B
0.9649064641181746,-6.721951779276214,13.965351705592507,B
0.6594103648070143,-6.100855407464817,17.19807439886028,B
0.37458547261705255,-6.082533428585066,16.69838532677289,B
0.7274745829640986,-6.847952351934519,10.69533581640643,B
1.0604815633611078,-6.1989976969547715,19.007437876620525,B
0.5329904078700137,-6.140304880376671,17.178537570261646,B
0.45491150604892994,-6.6336503805075795,13.403406670036016,B
1.0647666237532434,-6.715100676947071,16.158925463245172,B
1.0044202840909184,-6.0270644678244345,17.0294528026367,B
0.6850829208416832,-6.6681564635336965,16.122785422601527,B
1.0070164533915773,-6.769027719158838,13.156234144270787,B
1.2001040418721236,-7.035527135503786,12.114447412224987,B
0.7392254124624379,-6.224594400382349,14.63326600594651,B
0.9684851020551132,-6.270376307641247,17.166370668266666,B
0.4380821754524693,-6.130453130973646,15.839959629412704,B
0.6465949889912271,-6.833886098939398,11.943442051235273,B
0.4072620622427434,-6.665101289793359,13.261479252039038,B
1.3021632480741996,-7.068802034354924,14.122102135716002,B
0.45106054009249075,-6.800636291439441,13.432121870009741,B
1.3236378964130622,-6.386784186191682,18.041276207059887,B
0.711665317321963,-7.003851133468329,11.962893516850368,B
0.8519974904104559,-7.02042604795899,10.410589580358696,B
0.4812857471622176,-6.41600680883173,14.37729203787466,B
0.7418639824888565,-6.943578398686276,12.58772107872483,B
1.0840542655272092,-7.259793900356527,10.316073587555842,B
1.078904135129278,-6.686540957718297,13.824646029063409,B
1.1038306086727119,-6.899862053193064,12.801989593637309,B
1.330283082038152,-6.493623288141553,13.941710155410664,B
1.1251417349896653,-6.650100293531775,15.575212132982458,B
1.021249166311728,-6.961785236693782,11.048867566748111,B
1.1920332464232715,-7.071162101366619,13.584447332124498,B
0.9356438774685457,-7.191245295420694,12.387726187616671,B
1.0436979620132654,-7.0406413647975565,13.30012472147564,B
1.3119949766831778,-6.505058008289387,15.902321698325174,B
0.8911500376945216,-7.3151186540476925,7.524424379596237,B
0.6702662221419643,-7.023022685156692,13.478336598450316,B
0.5186250313746207,-6.8109862820280584,14.550137983445872,B
0.47992695096445415,-7.117267607580005,12.31973671037241,B
0.7944287332529293,-6.96897782990332,12.120853339235424,B
0.9824695184800025,-6.685341812551298,16.361764163557318,B
1.1683033737572948,-6.9332245605979494,13.360509012602687,B
1.1472381781987235,-6.661768966665322,13.092513779612048,B
0.9397502347704404,-7.078704625827749,12.592320570412198,B
0.7443634700437515,-6.9983883447848,10.75996347009984,B
0.6336025926495412,-7.22104819791004,11.180552110900312,B
1.1008183189733876,-6.869677586203024,11.021955990764432,B
0.8990201376348408,-7.488527421502015,10.607586567632396,B
0.8601303062135818,-6.821569295619493,13.530281972838385,B
0.7560736623707707,-7.59170656964509,7.7584541784493055,B
0.6982610644147919,-7.330671817845794,11.698873629573967,B
1.3155980007365349,-7.015033626132896,12.101597660359175,B
0.7700063431404011,-7.245929572908886,9.505724796527737,B
0.7497542197537872,-7.623444055818933,8.434306346174697,B
1.4546413324573537,-7.309567206150127,11.231402013113353,B
0.9501477077502541,-7.218697717965162,11.427063884220676,B
0.6512259721096118,-7.808769478173247,7.839629375650052,B
1.3819577325811616,-7.637036191602744,5.643298429743918,B
1.0687523235248042,-7.421583011769853,7.701734805970517,B
0.5370785039745183,-7.5905799518515495,7.80439333552275,B
-0.8510121208949436,-0.14944765734481846,12.849322392454402,C
-0.8511847125154707,-0.9854654043796547,12.825092570809124,C
-0.7421470176806183,1.5425262527936001,18.371529093335205,C
-0.6842116230590263,1.788344025245057,17.796553667287405,C
-0.8661504126098231,-2.029728636351808,9.735179485499385,C
-0.5996164558027659,1.48038521208118,16.86902455969032,C
-1.3779913095002643,1.0508910834511986,18.00610519877044,C
-1.2559455538739825,0.15813620572560572,16.673622851018774,C
-0.7577679628691262,-1.3949547390569323,14.07030970600102,C
-0.6957964782901888,0.926978323481809,14.618433389663192,C
-1.080850942730547,-0.43149015701791127,14.277194882032438,C
-1.0053646493382176,-0.5384691011500768,14.502936632267216,C
-0.613121999671466,1.2099108403897647,17.11981642481129,C
-0.525054492215161,-0.3714872271588172,12.961862066819535,C
-1.0191364567391195,-0.08739870906051772,13.209292836098516,C
-0.843307292764881,-0.9231202704531665,14.166928108828978,C
-0.6561499855856685,2.4538419813047185,24.97682232198404,C
-0.40120924567496596,-0.7751038347347121,16.001429650051197,C
-1.2798863500610196,0.3299266979781157,15.399634513620924,C
-1.1971360663997745,-0.4660157581787745,17.459743868526523,C
-1.359798554239132,-1.464153178083183,13.5671817456631,C
-1.2394165478921249,-1.3188711787175111,16.83727734281622,C
-0.688967247534457,-1.9278693321321798,14.08043692206602,C
-0.7919429897349695,-2.1877323690562953,11.050089807697553,C
-0.5575900421519344,2.0421762208057723,19.79026482119943,C
-1.1306819995959727,1.8093961101666745,18.737359667744833,C
-0.9979823300977224,1.0696127089564667,15.528362992640535,C
-1.0530183863908706,0.40247232757114304,16.80401024580483,C
-0.6359060604164897,1.277566605634084,17.33733087447237,C
-0.42394471207479334,-0.6495521672320765,14.818515293931306,C
-1.2241123972194936,1.0350677487609312,15.782073711815237,C
-0.4557373710667195,0.7076862906885506,14.127554276185952,C
-0.41126259968610923,0.9573167181233555,15.500891218535688,C
-0.3721324847297769,-1.6108771901791368,15.279347814286087,C
-0.8656593036763562,-0.9918851112331422,16.707884629398997,C
-0.545984951157048,1.7488878363979876,17.501993081259304,C
-0.7027792539754827,0.5930083937189523,13.361496124757986,C
-1.0535821343198386,2.4580174371764567,25.114707764782825,C
-1.1206174785637577,1.381854132524516,14.58111802567438,C
-0.8896087777954238,-1.0488916238479087,17.113888025669997,C
-0.6337568188986187,0.9996938892343414,15.082850459022199,C
-0.7827895507610783,-2.2607541133051265,6.982660122928114,C
-1.1805795035822704,1.948441176644642,18.970881624379633,C
-0.9277311115691909,1.7774529292169094,19.797576019659182,C
-0.806466435838566,1.9836714040748804,16.969529601638826,C
-1.0194571734192377,1.9448145668691375,17.152169569431393,C
-1.0607502302976484,2.261492241974114,21.112577789356116,C
-0.839471625667984,0.29820531204634504,14.655355329098976,C
-0.9927326086370237,-0.6057413402982554,17.25076933146576,C
-0.4986791899790003,-0.612118849667056,13.55853394094723,C
-0.31529365723840175,0.896073846106521,14.831838567902526,C
-0.789447206185298,0.28771784824501223,15.949661009365423,C
-0.4545325588853083,-1.1194721194525687,14.824376403514385,C
-0.8237717871950546,1.1379407145017733,16.323180670520205,C
-0.6164010940428465,-2.196714072539419,8.570853007458803,C
-0.9667522828261608,-1.3530013684029782,16.149391700095563,C
-0.5892747810711196,1.3138823233755441,14.013357205053959,C
-0.9350412443058923,-2.1160295257503643,11.974567211664416,C
-0.5270501123471555,-1.6858036809050727,14.301266467736308,C
-0.5362616807717916,0.32617857750687396,12.972188417584587,C
-0.41189648061745965,-1.0719003965536604,15.064561605597783,C
-0.14817017008677258,2.3529641560514074,21.147094680815506,C
-0.9929346058892408,-0.5166431649982091,17.709210400659956,C
-0.1901405935446313,1.9016956114102401,18.61198154679709,C
-0.8656172260854621,-2.305598865363974,8.0226776938339,C
-0.47190315494575874,-0.30154941438610283,15.706950009459742,C
-0.6474670366891673,-0.3652671829714298,13.12980038656052,C
-0.2936227463875354,0.2595956854173629,14.206722022951643,C
-0.36986459054340604,1.5027864183316408,16.95811563407854,C
-0.6398973237538533,2.086050796332049,22.0875807727026,C
-0.35247611256741707,0.7652908236401261,17.7286541950633,C
-0.5025928802332331,-1.5933480062697098,12.901205340217892,C
-0.1166525599510364,1.3779053787194162,18.333647780458513,C
-0.5280765068353414,-1.9332730302341288,9.608193856351471,C
-0.9489246577820992,-0.09050932803430989,17.475145877085627,C
-0.5942259331606979,1.9584910999918987,20.331100846489345,C
-0.8373091868736628,-0.03866240745418903,16.80075846059104,C
-0.45271092199459884,-2.442836933048045,7.312233469016816,C
-0.4702170730734483,0.47607154110694383,16.163050707213138,C
-0.22438799150487798,-1.9091520377073739,12.64223355719534,C
-0.9367325116180937,1.0529795689771715,15.0695211117141,C
-0.3778496889624692,-1.796377915950873,12.009697281102856,C
-0.25357770249812905,-0.8064013524906191,13.033796711027206,C
-0.8895755676466276,0.09454881294997897,17.170879833605312,C
-0.9696946324040342,0.053299238635077906,14.78893351200892,C
-0.5419506803906866,-1.5622991421717112,15.058867281806242,C
-0.15944009468511167,1.419014348707709,13.982169286461987,C
-0.9519763607063917,1.4163623227774886,15.719630635310047,C
-0.28192943809325155,1.0165386853746206,17.919958708826595,C
0.009082465417013297,0.04675497837076481,14.04074562590466,C
0.020246999101525498,1.7483927940962944,18.379828258139057,C
-0.3357983496615824,-0.7588860091917544,15.378182369457747,C
-0.7270377788602864,0.6463672780278584,13.763526397510185,C
-0.37871701489038356,-0.0533592624100141,13.90143073983899,C
-0.08115032816845491,-1.6867935418855584,11.262930688875851,C
-0.15562213910748413,2.041687895078375,21.60482877508795,C
-0.2157750618168347,1.5578151760443553,17.855289760401035,C
-0.48336188789313084,-0.5272672867453925,15.664952891488483,C
-0.6123139335850454,-1.7599717532143062,13.420590460306299,C
-0.8542918432118896,1.6757838352306313,16.342336688746304,C
-0.3465816443037478,-2.464948126648422,9.088943825276637,C
-0.7557811783137504,1.9671913878416192,20.489996460912757,C
-0.40173076828434673,0.6607874135690717,13.301351906271224,C
-0.22951774570165195,0.5642021724692041,15.544954678515413,C
-0.06081174445159321,-1.3001995894777387,15.779651230184655,C
-0.2637330500683662,-1.1499368788989184,12.8614300531044,C
-0.6011204123003535,-2.0676899445772,11.68469522679176,C
-0.7728073672406459,0.16352595608768627,14.856198624743906,C
-0.6993011708033852,-0.8676195599491572,14.491440798056647,C
0.015464253147901452,2.1345756850419866,21.050923349418472,C
-0.624529877588881,-1.2052736052502624,15.712419890274912,C
-0.30470363001950396,1.7638154254671812,18.688327473951993,C
0.06857946783644098,2.2493702621449234,20.215855083759845,C
-0.1580262839361074,0.274344733644869,16.172233369391282,C
-0.6975007614242245,0.9592708225567981,16.330886121734704,C
-0.3043559148914079,-1.1455551688615149,12.190888446534126,C
-0.16094737542762194,-0.43116821136748573,14.288637746932178,C
-0.17152925028595112,-1.625011068803536,14.194391616627136,C
-0.21384126515676427,0.16060054185762773,14.658908033498154,C
-0.3983094017953006,-0.02330300979309241,15.333823397915413,C
-0.6881883056638488,0.9157445701796059,14.233847329996221,C
-0.4847129598223283,-2.2858248726209505,10.841622874260839,C
-0.2088461573484227,-1.8955055020601268,12.643210195010973,C
-0.36170246866690314,-2.0994370044765107,8.291403151421544,C
-0.43100266026290734,-0.13431515642011949,14.575772672833402,C
0.12748677242612805,-2.2666798708416245,9.672927547016684,C
-0.19801006005667943,-1.1139186226635434,15.573869001416886,C
-0.23943941844103178,-0.9557109093340257,15.685008106629304,C
-0.20352748263293408,-1.1674340737261408,15.895629826317025,C
0.2554873850267907,-1.2154114421880964,15.900229922438294,C
-0.3007018483102226,-2.1700052557176948,8.832787158797583,C
-0.1747048040437138,0.6786415300365523,15.498561154560559,C
-0.6742810200835438,-0.6041593153589004,17.372791532521077,C
-0.03991708394861071,2.343979567437184,20.234969314205202,C
-0.6646237985345703,-0.5796651665232839,13.043048567913768,C
-0.6416903772433095,-2.1390675284377627,11.092553990503129,C
-0.27638593072561735,-0.8907337564336393,12.165681381958056,C
-0.16509482146689503,1.3210517416212948,16.07421566174302,C
0.049186885431790284,-1.676596499133863,13.993011962381042,C
-0.5030316328113515,-2.346102991576874,10.030069717002778,C
-0.1675915896256811,1.045792920357595,14.440020758509084,C
-0.4078489466424926,-2.22865843522915,7.052922008246314,C
0.17381659513213377,-1.3309283692901666,13.898381079536332,C
-0.38040425233975306,0.3985467767378319,15.008390928269506,C
-0.4645708744685274,-0.5194674313080796,14.261531844139471,C
0.2969298146130467,-1.280270902281917,13.893443902117024,C
-0.29190607138456703,-1.9367095976551134,9.58074144873666,C
0.12526749212798816,-2.495163716334055,6.2489818315446835,C
-0.31917196180205687,0.982199272134658,15.404046695393355,C
-0.37828145319825335,2.2889401576555435,22.474982885813375,C
0.26702944854176247,0.7393069418348786,16.350368032946587,C
-0.08177529054918364,1.290008437382163,16.682760319917186,C
-0.25737338097700346,2.283155858440031,22.607938159741778,C
0.22810364765090774,1.279559243543122,13.992101873024312,C
-0.5675986015322185,-0.9706443057312564,13.09841892836784,C
-0.07011030051753842,-2.0540511904371463,11.269790586780326,C
-0.18859788551094214,2.202445639622279,19.744548916726476,C
-0.39551583249495914,1.5943795601461774,17.015533608562823,C
0.02199331762062884,1.7569384268945876,19.24069273705677,C
0.41429794564527556,1.5577989319613927,18.647116827936273,C
0.09796726886305684,1.6477617431993974,15.165253035235025,C
0.07379849139984818,-0.9962490127459311,16.184261735279808,C
0.2698399311645854,0.8861051280799304,17.65710082814236,C
0.20294778449873085,-1.1208729283337409,16.130756215491395,C
-0.44753999739183725,1.5331252275256042,17.840040156156668,C
0.373453646044674,-2.4141876156651483,6.018309507904398,C
-0.4006847051208351,-2.0424945601095237,11.430920400713163,C
0.30494729550616595,-0.5510876536028948,15.001050210185854,C
-0.03187778088861337,-1.2754046250430777,15.362596091478988,C
-0.4695177709795131,-1.9499820225988058,12.009943474024388,C
-0.4164334951707164,-0.20111869122357184,14.587020698184187,C
-0.4073456793668965,-2.0347155335424265,11.303653706556858,C
-0.10800907913356894,2.445017943316576,21.058453482517784,C
-0.296986847882153,1.5166039062886083,15.722473816890517,C
0.0871569915379965,2.103983747378284,19.428736621704783,C
0.4891850626830121,2.137678614029813,19.769559693066526,C
-0.18476493085638157,2.20094080438308,22.086219319244975,C
0.5134548675768903,-0.2277152910993725,14.366937112578423,C
0.3513688869561368,2.3479911277194803,22.932559112945206,C
0.0794710785680468,0.07883029323346058,16.46614344267971,C
0.45043141389835506,1.1863114300787196,16.001113049915325,C
0.5041536680423674,-0.587259746410052,14.161042563900766,C
0.5243294784770836,1.0517834574765468,13.73333318810718,C
-0.014086499855495815,-0.6817647392889965,12.353878850890625,C
0.4945612677753658,1.4952639042736178,14.559969097194944,C
0.3299847870253618,1.2572950392004556,17.95879852718131,C
-0.31255858176926454,-0.20815824456502074,14.323834592560578,C
0.23071843549312399,-2.407439849312346,10.191951013709916,C
0.5870423848137442,-2.384759677656051,7.846153958899706,C
0.5176542018996868,-1.6788972363560344,13.082811821837875,C
0.3026504879517271,1.0098475939758482,13.778378891746682,C
0.20864270237250548,2.1143454788666465,18.988445925254496,C
0.09196398931381222,1.9267955946436055,17.970811654480137,C
0.00804507102794072,-0.786172609474538,12.98153711083005,C
-0.2824033474808164,1.2789474425752456,15.718930937267992,C
0.3088244852064662,1.420411003259772,16.995831256556365,C
-0.2777060949460497,-1.9434853822582916,10.383000287752248,C
-0.2720380040777439,-0.8510462495145505,12.658028255596362,C
-0.18320045266934393,1.978734961863663,18.14954986771383,C
0.0003959773103477948,0.9038949278557673,16.980354056461824,C
-0.00662903423267891,-0.5416144652991433,14.185400845964265,C
0.3506249686690397,0.11031472264007736,13.408878377259061,C
0.42150828525536244,-1.9545114035597848,11.861453830152648,C
-0.02960706410393199,1.8404291170497578,17.18987386020508,C
-0.1928665169774325,1.6762557566399132,16.51452247656557,C
0.24596038393841468,-1.739392157883822,10.471579596810548,C
0.15273634958081728,-2.4563107694006607,6.024892728499255,C
0.6114482084570311,1.3079215027463564,13.993099177783103,C
0.6579131487062999,-0.8090751116753916,16.566395304676035,C
0.31944814609335415,0.9431978126951073,16.17572581753131,C
0.032601409532654224,-0.8436526845746073,13.640715733302091,C
0.5251279861851584,0.9108906645587866,15.85245895513659,C
0.11340284051575256,0.16422210092965583,16.745994593767158,C
0.2241497880040979,1.167920848944477,13.677343646551137,C
0.1924906733155366,1.351010883552215,15.577821001358442,C
-0.11558404375202669,2.2687179192458347,23.253485490695677,C
0.17516758795706566,1.3637227291439147,17.30201481563713,C
0.2425348428995805,1.6619727331626692,16.177224578120175,C
0.35077141595500294,2.06573614522837,17.36502643892927,C
0.6539235614839047,-2.2760551559871587,9.776690553813232,C
0.0928924347516149,0.3366935808607918,16.899466247372324,C
0.3853201286686908,1.7180022317790056,17.34141905202933,C
0.6877759471338902,-1.0278691767717305,14.003493884747728,C
-0.07150411895638109,-0.46023716214692145,17.361722717489428,C
0.012595367555152004,2.337581218259821,21.362209491428835,C
0.8268147470445444,1.0889690743196674,16.139004754110058,C
0.6733246466381656,-2.281415395113661,7.607704940783657,C
0.3727848780275721,1.4746232482196446,14.226100894773944,C
-0.013193640027261977,0.04239138542293208,17.16354294845727,C
0.029038310661725575,-0.8673980568701332,17.16623823054207,C
0.6740719810609285,0.7074135141546671,12.7019995939011,C
0.7986769625526624,-0.096071203797512,15.921572658756759,C
0.296545969445119,1.463721714314135,18.555269628740724,C
-0.02296518725292296,0.29680727782921634,15.589019592199845,C
0.5441206987948215,1.478061942219722,14.044968919413487,C
0.36396014557304246,2.115697969054972,18.571693695920153,C
0.41954971273396025,2.31018062483014,22.857826136317716,C
0.3226440677241922,1.0384038736208416,15.415703356615289,C
0.10223369280402816,0.5675858894802932,13.401700351062733,C
0.5779919671405541,0.8777887075960888,16.409313664531112,C
0.7716941719531216,-1.8081742476842635,12.876451994899877,C
0.26941099289885484,1.037664769010091,16.46444068494246,C
0.9352040731529473,-1.0128082657577266,13.304129113172863,C
0.685267745658296,-1.793241178048496,9.606507806316229,C
0.030503325021959737,0.3807732703111122,13.598165802042384,C
-0.02447860835170601,0.9680869566156098,16.778116069164387,C
0.563824934762981,-2.4025676055992253,9.657404802272392,C
0.22857218349304664,-1.1842001320288653,12.234468638435512,C
0.5750461407743162,2.2959903231940753,23.424541813075614,C
0.6928591127793101,-0.39798102571917626,15.087015783568889,C
0.9618131550132953,-0.13967864051644163,16.285479567448935,C
0.8393203414288203,0.7774989094722717,17.37586753922489,C
0.3193372258029754,2.0372924706451023,19.25997007574893,C
0.6680341172656209,-2.1111807492793755,9.081747836953884,C
0.1906763911624697,-0.049569883235533574,13.764538617640483,C
0.9494785585429507,-2.3832908687442167,7.873731896229278,C
0.7279675369034612,2.415790293165345,22.102498788999494,C
0.6326726865603375,-0.4006286791154139,15.674759854662028,C
0.20030367453318,0.017643746910675162,16.534572460430304,C
0.6452416665548605,-1.2702222219174497,12.656921165983796,C
0.9182687459836696,-0.03441743008228215,12.726966669424717,C
0.26173341458194643,-1.537307781602987,11.23218921735425,C
0.7568933354481052,-1.5670106116204954,11.027124167160617,C
0.17132764175296922,-1.0533951845073415,13.869904373420264,C
0.15254640144181053,2.3123141549162223,22.583428846885937,C
0.512136798489828,0.6637155760043723,15.509891778558092,C
0.4226579618609462,0.6446257388118459,17.417798819651026,C
0.2729184084852363,1.4588235851231823,17.762129241363937,C
0.20786522207246194,0.7205088317880382,13.825949529664435,C
0.5455063794938592,0.1740612599763085,15.719789008704398,C
0.39782906644305793,1.4063054921809859,15.546141504898088,C
0.7512728167216257,-1.5996604574491071,11.074595540035643,C
0.777117409648847,1.5217930344014148,17.330475011639997,C
0.9013778265008867,-1.37675677783621,12.338541778955836,C
0.845394429057835,0.18762791281762992,17.01052453694417,C
0.7020658482374482,-1.8721762304782095,13.74255464399976,C
1.0723578255552968,0.3581655924027496,13.62648138181181,C
1.0705467549565433,-2.293298479877854,8.664161092069024,C
0.4315870204435348,2.0379181122465857,16.970991889488126,C
0.24819695297626332,0.23004694857808472,17.480194554072693,C
0.5672251820989545,2.04909591355172,21.228387507378624,C
0.518033522414726,0.5191125164416959,16.932151613729523,C
0.7517250832258862,2.190920848327122,21.398864610283205,C
0.884783791073058,-1.2227897864919823,15.464460348152448,C
0.7823331892411501,0.6413227972816771,13.667399773033154,C
0.6628562401680649,2.231976468015832,20.466286412621603,C
0.5117231609803753,-1.8706360773426987,10.802524435922685,C
1.0669759975532647,0.34802704519146843,12.92955436429137,C
1.153392256872449,1.772061375897727,15.767164750677058,C
0.885342677346906,-2.099840969472634,9.52087470470141,C
0.719016945083189,-1.8062218403194832,13.252633152010644,C
0.6210684110394891,-0.4330868513822992,14.134434852413257,C
0.9652090090836691,1.9402326240766898,19.085268439412236,C
0.7433164653127836,-0.9963707464655682,12.74642400814833,C
0.4083676635866291,-2.423863698291715,8.61093095204945,C
0.31148152918744176,0.6177162704367727,14.188658550669015,C
0.41368929364803664,-0.2867938624667872,15.333752115005083,C
0.559403502117327,1.7213538772166481,16.330823392360188,C
0.3898522431778253,-2.124408290337888,9.363747945632058,C
0.5187184991125628,1.698569889261654,15.234940720606602,C
1.1912005229560518,0.5203730191869509,13.067092289863243,C
0.9449762612711008,-1.8025242362489156,11.340026309242521,C
1.2894223257305404,1.6959301212340716,13.923879182257787,C
0.5610876898877983,-2.0000694328781696,10.905191300786932,C
1.3050359307257429,0.6005274145037616,13.646304885641023,C
1.2680900671456246,-0.7596143444461285,15.23343693174195,C
1.2694827674461067,1.5688796375569143,15.450251918844254,C
0.7777523378048637,0.16007196818747849,14.160467395232862,C
0.4466399587854789,0.8934225330766683,16.664825436488492,C
1.0306629142874768,0.27492648240771356,16.297658331454635,C
0.9288744611907247,-2.0599564026540893,9.257160110266451,C
0.4999453693839907,-0.8523976754367126,13.914945854205035,C
0.5973353218010864,1.633567201452868,14.804956548124906,C
0.5914233404946272,-0.5450441586294028,15.538260318681239,C
1.0703456333410721,1.8546719220650139,16.548906340862345,C
0.8286567910434479,-0.32553466653489904,16.652246486270613,C
0.7281078668006735,0.15290705532489168,17.173153564727333,C
0.5262936263551156,-1.227193134952167,12.968508595728888,C
1.0698438806807529,1.8194179898064988,16.490448707623596,C
0.5688867720326639,-2.4890838178478,8.155502397728181,C
1.403189866304791,-2.2954720104474893,9.60955467381902,C
1.20522219318425,-0.03413998434662879,16.312926942268184,C
0.9321963464375712,1.5592135011470054,18.940689777346233,C
1.0630814705134708,-0.6217017170163897,13.641375960757705,C
0.5349595068319459,1.9461366051243738,16.996921132502433,C
1.3114463034813828,2.0477230330992042,18.264094785496248,C
0.6924691876632763,0.6619874842748341,13.769280173616167,C
0.4985356849653274,-0.60378277080263,13.885152065756047,C
0.9740226201707703,-0.1902948251571921,16.30462076832191,C
1.0295740530567041,2.0227312204102725,16.528954323933753,C
1.168510240836528,-0.9601965872070526,14.51724326855581,C
0.6856700032490203,-1.1184532093338562,14.901235581615488,C
1.147584574522312,-0.5805501567740148,12.495818317278124,C
0.8407210434458171,-0.07222828997980191,13.919668382920527,C
1.3181513173473722,0.5548359140540078,13.489819218495537,C
1.2273638761383316,1.2972587893267529,17.66687520254365,C
1.3993032964723215,1.3099781397780619,15.065599621573584,C
0.9464889481511011,0.425559790525349,12.582415674065272,C
0.8964761010300204,-2.0890078840483186,12.39622560521799,C
0.6951273365052857,-0.2042720966905942,17.20351691027375,C
1.0031513333206301,1.8028749228736514,16.009253968944368,C
1.5498840085438996,1.7306061208704566,16.785024974836233,C
0.6761170696313048,-0.4953079989138862,14.41752227329533,C
1.3645331778096688,-1.1498225650680465,12.033999924980535,C
1.1725096278141685,-0.35711158176682734,15.674457823781513,C
1.369408689517918,-2.2353858301664005,8.105997145736229,C
1.3070056745994258,-0.8801272924340129,13.589168129541102,C
1.0314520196617067,-0.39013422640430395,12.056242775190379,C
0.8287534343418012,0.7718584475457568,13.061454890291966,C
1.0082934325247555,1.773446329472728,19.42933334693633,C
0.8924434784790061,1.889469149455731,19.716421490337645,C
1.391224326385942,-2.0704315004724165,10.103235624436834,C
1.474622609240718,-1.9076332781467773,10.324278774549041,C
0.951522185313859,2.152779982961213,19.004669441405103,C
0.8836017124237974,0.9573766164716402,15.143056879326647,C
1.1652960453865249,-1.834649077159927,10.625583520860973,C
1.0107648183422246,-0.5033734662880542,13.664538977351059,C
1.0760724961348735,-0.425081621404066,13.161685639642542,C
1.0814222073010398,-2.3046307453334878,6.036423985633253,C
1.446234172430449,-1.9636788469350375,11.938295372412668,C
1.2933694455902667,-0.9086419590887989,14.784892196973011,C
1.6524804828851734,0.7565251100173798,13.57876841514971,C
1.496687376687873,-1.0124856988775779,12.838876866100225,C
1.4615411177092308,0.9327181578538968,13.50811170953708,C
1.6049665512492162,-0.613015970511595,14.988889306210607,C
1.0411778012346633,-1.1825860780612425,11.109833492691141,C
1.3683968818316452,-2.017144276897783,11.50591516047231,C
1.415412311512498,0.09659133753847682,15.890939052114552,C
1.5096736067133687,-0.5462053838491316,14.786363418118992,C
0.7251950142555456,1.7237415998507388,19.364466643219508,C
1.660749606886418,1.7256360951551493,17.37769645640806,C
1.5430285625041025,-2.3590566805911353,6.938871216104925,C
1.3997107009779657,0.16254147584399758,14.923445819139408,C
1.420121484147135,-1.8130102972422533,11.505942083382822,C
0.9106379916623616,-1.1466882926939688,13.331984111920121,C
1.630926429241624,-1.6126499067017512,10.528223571147105,C
1.2455357848400015,1.1164002692258705,16.160049619119444,C
1.4448116193756504,-0.5031834729762013,13.005921189081961,C
1.04885357720203,1.931231673598674,16.936639084034375,C
1.3565647327211003,-1.8699249008313927,10.273142745192098,C
1.7221525614502249,0.5669344966014078,14.201780541598442,C
1.778581935275183,0.14139948744131914,13.55970231635209,C
0.8738922628054101,-0.2140079477866763,16.290132086837016,C
1.6762060095966063,0.45809982627726153,10.20329792839437,C
1.1163420111239017,-2.190631823285325,8.161540433161122,C
1.6695005508563259,1.7936149485524395,17.943616095728984,C
0.8749520306600245,0.8373077894496177,12.864857296675906,C
1.0279202343575649,1.2899551458222387,14.4751315581285,C
1.1749973738685986,-1.343531078288129,12.609902658348815,C
1.6272422828791027,1.6717640226942287,12.764831275594684,C
1.8333961961077412,0.798499019249896,10.7043370219845,C
1.3186977171312746,-2.2409384272330426,10.598445868549089,C
1.1570660049025365,-0.3306474731597482,16.493092571871657,C
1.5470605294385575,-1.4285945095147512,12.534780515329643,C
1.5643589800643958,-2.180235923058979,8.59452797804532,C
0.9558330402735594,-0.6505990492857894,16.417285434157986,C
1.3049502791879624,1.496530228525161,15.424042376085794,C
1.4080131281721249,0.6180610822873929,11.932191006087875,C
1.2087295182150213,-1.9786316454867414,11.69054269291927,C
1.8776289936745125,-1.0706717726941846,10.085814409059397,C
1.487164247034852,2.3239739051602526,20.678625615852802,C
1.3329441121727204,1.1597956758063033,12.631256317850552,C
1.7207872604402294,0.567472534346078,11.93528958596993,C
1.4404864226553151,1.075698049671296,12.49596298969491,C
0.9787333032322412,0.9918567607908129,13.951404327822516,C
1.384287442694884,0.7435117502437094,14.40712203283336,C
1.3724402306137236,1.9199019911977238,17.17221994563431,C
1.8068102191508886,0.7941010200898102,11.520331240208845,C
0.9944018625257852,-1.5223910316117113,10.712499630473133,C
0.9918915891313392,-0.4544840378052246,12.893441299313169,C
1.2764405476891612,0.24903501314234244,13.394268780838885,C
1.5559432285105759,0.018339874325466354,15.078698700271032,C
1.3115157731858589,-0.9335592947881883,11.077987686010202,C
1.5834121635143643,-1.0940357367934124,14.852755551132311,C
1.123002817256144,1.1049068942993396,13.949778920726114,C
1.8247342347329507,1.4397245721901841,14.30745757111808,C
1.3517760500229075,0.9904590128280122,13.543102836899786,C
1.910843166056924,-0.13084949118142175,11.937564985884647,C
1.4639340606635511,2.234841237764637,18.850848649704695,C
1.1836435773334042,-1.5379579173707212,13.465350280283745,C
1.6560548600486051,-0.9146145744954701,13.543421742589175,C
2.015214063093344,-1.5774005985029333,8.002934517840337,C
1.6759626669545762,0.38191261114040653,10.91214212537248,C
1.3709242331034965,-2.032973435262911,7.981280263687687,C
1.9714289234199411,-1.2731034228528633,12.292935930687928,C
1.662473859811214,1.6926600029222731,16.46506142513456,C
1.7243930664406961,-1.7106181954358703,11.00135680611205,C
1.1975103240297027,0.26851927015315447,14.453786348381076,C
1.0813136940711536,-1.4545496942216762,13.399292886254738,C
1.6421490325812589,-1.6692306955196372,10.484317901409394,C
1.2191786576300858,1.626249518649137,15.240296977082908,C
1.5807465905452485,-0.8371036932080003,12.334314980505637,C
1.7939815700744215,-2.0757796698651383,9.878015155214095,C
1.3905149034778166,2.2496340904887315,17.325236467191697,C
1.2397630290122628,2.2141473567569263,19.140925795700362,C
1.9527958233277047,1.4946353861453603,13.476528528673189,C
1.3155782620162928,-1.5993767258412124,13.907637899359123,C
1.9497395050124027,0.2579803852588909,10.353443431665596,C
1.9161618784510202,-0.9568571426052488,13.0317550396346,C
1.9514511084044295,-0.932159713534499,9.40404965206852,C
1.6973439631056588,0.3865015952214095,11.323482961905771,C
1.573647132347654,0.4617765853001403,15.208134797069729,C
1.7706065587708066,0.18998616504673738,13.579939621855395,C
1.8392783258373955,-1.2305939675702904,9.882692145454822,C
2.018682398176266,-1.2700955189619116,10.462132175932794,C
1.7697564286612675,1.467796101547163,15.360900248094664,C
1.6794941643387151,2.203405548774993,17.360907183767473,C
1.2802988701331457,-2.140052215601532,9.569525294642512,C
1.3210462074904794,1.1961173690752303,13.672523183447293,C
1.8898440381812285,0.6449911636992445,13.08556314231392,C
1.5923044318275537,-1.0307076713946306,11.313080131905137,C
1.9775981455676428,1.177200289332122,9.504600015072686,C
1.4820057437122143,0.2258148757129801,12.756204205722483,C
1.9493211436593514,-0.4248631733920001,9.031129176957831,C
1.8562773957245808,2.238419116447746,17.07818185456565,C
1.3859607164150411,-2.2345070618104517,6.185502122857233,C
2.126852597218185,0.9530313496102556,8.766110083195274,C
1.4495243575569454,-2.494188538052331,4.35580689952374,C
1.9681951799852557,1.3973655804503888,14.148393676869958,C
1.73666889600154,1.7044637207662445,14.562995908846782,C
1.3952904690651304,-1.6536588167566721,9.847315056988034,C
1.4422585660954983,0.3175280702472678,13.291074997708552,C
1.7582326509255886,2.4482864232315866,22.032185816876417,C
2.2491016896981595,-0.4879457710469315,7.790307938754484,C
1.6393248755988252,0.5290424863011949,10.382002685075074,C
1.5077290628465887,1.9052055152103837,15.915178138650122,C
1.4702799657232308,1.264496536695317,13.15168913988103,C
1.512244979416175,-1.4748685370396828,13.678132181900645,C
1.9387230337197319,-1.7483786082481787,6.318098675246324,C
1.964016415068207,0.2988499583728461,13.638170808577035,C
1.5528964056844425,-1.6098623185401948,9.284169343096245,C
1.5677564992842246,-1.3962583059839644,12.672863269318013,C
2.2941813253751207,1.5042391898473633,11.476064593709307,C
1.3723570209024563,-0.177206008222639,12.298793645606123,C
2.0778594216426103,-0.5266200479817913,12.835937063141754,C
2.345252087884264,1.285910213184596,7.154995526769665,C
2.2704890706039818,-0.24767963704371443,9.399785337886899,C
2.0250696907493255,0.4243079307136117,10.015068983963554,C
2.11380137297647,-1.2858870169384846,9.822657392166903,C
2.1494049567790885,0.4302831256854347,8.410164355503385,C
1.46198265558813,-0.7406697755543421,11.881447910492717,C
1.5691590553564745,1.1621084026461015,14.70997067845767,C
2.2704065145298427,0.38864642251543824,9.976072615462684,C
1.8941802862793367,1.7229235749594485,16.592964629318843,C
1.8592931407839344,0.46192829195083496,10.61876381190066,C
2.128645319133147,-0.42456885874664607,11.870811723555182,C
2.0289942310360503,2.419907260210815,17.925993782076958,C
2.1627450576799943,0.4451066073189973,10.606725175319465,C
1.6650696392654436,0.39510070307721135,14.046406264352102,C
1.4692266121708402,2.4202953404437966,18.47809221566247,C
2.336180338315332,-1.2777946860510263,7.646045344169043,C
2.3746185112896208,-0.9419840930406935,7.237952473960021,C
1.58232176811007,1.1497108801004219,15.55069928560087,C
1.8335887066769279,-1.4813886345734972,10.371870874762397,C
1.6338302851204523,1.9332481166644244,17.833261383561684,C
1.8629660471712184,-2.4259410024162067,4.076732734701649,C
1.5046377993578517,-0.1358376698503596,15.239954519130672,C
2.318086988739427,-1.0175953025245912,8.083416064004615,C
2.1724598618101107,1.3216876982731662,9.821578734073324,C
2.068492321284743,-0.2422856725186473,12.895812469521495,C
